"Artist";"Album";"Song";"Year";"Label";"start";"end";"itunes";"spotify";"deezer"
"Jacques Vidal Quintet";"Hymn";"Walk in New York";2018;"SOUPIR EDITIONS";1709200561;1709200864;"https://music.apple.com/fr/album/walk-in-new-york/1603408718?i=1603408741&uo=4";"https://open.spotify.com/track/1XHUVJMQKroczExZ7iW87e";
"Oscar Peterson/Joe Pass";"Porgy and bess";"I got plenty o' nuttin'";1959;"VERVE";1709200862;1709201049;;;
"Anne Paceo";"Bright shadows";"Hope Is A Swan";2019;"LABORIE JAZZ";1709201043;1709201284;;"https://open.spotify.com/track/1yOgW2OaIOWwqtlfCCZXNU";
"Lou Donaldson";"Pretty Things";"Pot Belly";1970;"Blue Note";1709201280;1709201767;"https://music.apple.com/fr/album/pot-belly/738330612?i=738330652&uo=4";"https://open.spotify.com/track/4WW7qhQsCPD8tZsc3wRUPa";
"Manu Katche";"Unstatic";"Blossom";2016;"AUTO PRODUCTION";1709201764;1709202109;"https://music.apple.com/fr/album/blossom/1128931777?i=1128932013&uo=4";"https://open.spotify.com/track/4yTzPuJq8AdR3vuerV9sHh";
"Earl Hines";"The quintessence/Chicago-New York-Hollywood 1928-1946";"Piano Man";;"FREMEAUX";1709202107;1709202263;;"https://open.spotify.com/track/3c6v0rzmLhAkwhj3StbLce";
"Jukka Eskola";"Jukka eskola";"1974";2005;"FREE AGENT";1709202262;1709202695;"https://music.apple.com/fr/album/1974/1282365079?i=1282365513&uo=4";"https://open.spotify.com/track/5Uj7EhYUdMXregMy7mggbf";
"Jimi Tenor";"Intervision";"Outta space";1996;"WARP";1709202691;1709203075;;;
"Eric Legnini";"The vox";"Near the house on the hill";2011;"DISCOGRAPH";1709203072;1709203356;;;
"Dave Bailey";"Two feet in the gutter";"Two feet in the gutter";1961;"EPIC";1709203353;1709203829;;;
"Mark Turner";"Dharma days";"Zûrich";2001;"WARNER";1709203825;1709204004;"https://music.apple.com/fr/album/zurich/358649860?i=358650529&uo=4";"https://open.spotify.com/track/07mgHkr7FIbJDGltH5vef3";
"Sammy Price";"Boogie woogie masters";"Riffin'boogie";1975;"BLACK & BLUE";1709204002;1709204236;;;
"Frank Minion";"The Soft Land of Make Believe";"Theme Two : Bongo Blues";;"Betlehem Records";1709204236;1709204400;;;
"Thomas De Pourquery & Supersonic";"Back to the moon";"Joy";2021;"LYING LIONS PRODUCTIONS / IDOL / L’AUTRE DISTRIBUTION";1709204399;1709204711;"https://music.apple.com/fr/album/joy/1580586698?i=1580586713&uo=4";;
"Stanley Turrentine";"The return of the prodigal son";"New time shuffle";1967;"BLUE NOTE";1709204708;1709205061;;;
"Hugh Coltman";"Shadows";"What I do";2015;"ULM";1709205059;1709205298;;;
"Bill Evans";"But beautiful";"The peacocks";1974;"WEA";1709205297;1709205700;;;
"Wolfgang Haffner (Batterie)";"Kind of tango";"Chiquilín de Bachín";2020;"ACT";1709205699;1709205935;;"https://open.spotify.com/track/6uGvAAaC1PY3pH6oMYA4LD";
"Ruby Smith";"How blue can you get - Great blues vocals in the jazz tradition";"Port wine blues";1947;"BLUE BIRD";1709205933;1709206106;;;
"Theo Croker";"Blk2tLife / A future past";"Soul call / Vibrate";2021;"MASTERWORKS / SONY";1709206107;1709206459;;;
"Tom Harrell";"The art of rhythm";"Cinco quatro";1997;"BMG";1709206451;1709206828;;;
"Caecilie Norby";"Sisters in jazz";"Easy money";2019;"ACT MUSIC";1709206824;1709207079;;"https://open.spotify.com/track/7179ZgGSrPiI61xjOAkTbc";
"Curtis Fuller";"The opener";"Soon";1957;"AVID JAZZ";1709207076;1709207409;"https://music.apple.com/fr/album/soon/1436902955?i=1436903178&uo=4";"https://open.spotify.com/track/2s209Da32KAhLsYp56nRFZ";
"Magnus Ostrom";"Thread of life";"Piano break song";2011;"ACT";1709207407;1709207934;"https://music.apple.com/fr/album/piano-break-song/414897454?i=414897459&uo=4";"https://open.spotify.com/track/0iyN2U1EAV2IxpvHAiGY3j";"https://www.deezer.com/track/17311646"
"Andy Bey";"Experience and judgment";"Celestial blues";1974;"WARNER JAZZ";1709207932;1709208125;"https://music.apple.com/fr/album/celestial-blues/68076978?i=68075551&uo=4";;"https://www.deezer.com/track/668979"
"Nils Petter Molvaer";"Stitches";"Median";2021;"BMG";1709208125;1709208470;"https://music.apple.com/fr/album/median-john-derek-bishop-remix/1667769487?i=1667769488&uo=4";"https://open.spotify.com/track/2YwEQTe98argvBGL6Gy4Wq";
"Howard Mcghee Sextet";"BD Music presents Fats Navarro";"Boperation";1948;"BDMusic";1709208467;1709208655;;;
"Lucia Cadotsch";"Speak Low II";"I think it's going to rain today";2020;"We Jazz";1709208654;1709208966;;"https://open.spotify.com/track/2udv6rli9RhcXPplmb51yL";
"Bobby Hutcherson";;"Camel rise";1975;;1709208962;1709209295;"https://music.apple.com/fr/album/camel-rise/1444189674?i=1444189678&uo=4";"https://open.spotify.com/track/1iRihLNPx5jlxonIAyYQ0h";
"Julien Lourau";"Power of soul";"People make the world go round";2021;"KOMOS";1709209289;1709209595;"https://music.apple.com/fr/album/people-make-the-world-go-round/1573733103?i=1573733316&uo=4";"https://open.spotify.com/track/5YmRSIyswy8Niws7t6BDWv";
"Don Redman & His Orchestra";"Anthology of scat singing";"Doin' the new lowdown";1932;"MEDIA7";1709209592;1709209776;;;
"Daniel Herskedal";"Harbour";"The mariner's cross";2021;"Edition";1709209776;1709209954;"https://music.apple.com/fr/album/the-mariners-cross/1563792135?i=1563792140&uo=4";"https://open.spotify.com/track/0BYntYvDMrtc6Ff501kvQ2";
"NCY Milky Band";"Burn'IN";"L'ombre d'un homme";2021;"BMM RECORDS";1709209950;1709210109;"https://music.apple.com/fr/album/lombre-dun-homme/1557632000?i=1557632015&uo=4";"https://open.spotify.com/track/0Dhafc856vPOr2ImrdFw0r";"https://www.deezer.com/track/1270641182"
"Freddy Cole";"Just the way I am";"Just the way you are";1992;"ALFA JAZZ";1709210108;1709210398;;;
"The Sorcerers";"The sorcerers";"Pinch of the death nerve";2015;"ATA RECORDS";1709210393;1709210665;"https://music.apple.com/fr/album/pinch-of-the-death-nerve/1015696693?i=1015696750&uo=4";"https://open.spotify.com/track/5FoU4sC6Aw3uZlEa2cjBFb";"https://www.deezer.com/track/103473164"
"John Wright Trio";"South side soul / Nice 'n' tasty / Makin' out / The last amen";"Witchcraft";1960;"FRESH SOUND";1709210661;1709210987;;;
"Guilhem Flouzat";"Turn the sun to green";"Colors";2021;"SHED MUSIC";1709210986;1709211297;;"https://open.spotify.com/track/0h33h7mE59fm2hMHe2TbAm";
"Milt Buckner";"Masterpieces";"I de-clare";1969;"MPS";1709211294;1709211486;;;
"Annie Ross";"Sings a handful of songs";"Limehouse blues";1963;"FRESH SOUND";1709211484;1709211648;;;"https://www.deezer.com/track/122358466"
"Brandee Younger";"Somewhere different";"Spirit u will";2021;"IMPULSE";1709211648;1709212070;"https://music.apple.com/fr/album/spirit-u-will/1699262924?i=1699265316&uo=4";"https://open.spotify.com/track/3vFhPOosuunf5NpHdaM31e";"https://www.deezer.com/track/1457004732"
"James Moody";"James Moody";"Darben the redd foxx";1959;"VERVE";1709212067;1709212296;"https://music.apple.com/fr/album/darben-the-redd-foxx/1444159203?i=1444159444&uo=4";"https://open.spotify.com/track/3tjwqv9GY5onLMyQrwf5xJ";
"Curtis Stigers";"Hooray for love";"Give your heart to me";2014;"CONCORD JAZZ";1709212295;1709212519;"https://music.apple.com/fr/album/give-your-heart-to-me/1442805655?i=1442805822&uo=4";"https://open.spotify.com/track/6tf8RwgOOhSNM374A8jk1r";"https://www.deezer.com/track/77486547"
"Manu Dibango";"Soul makossa";"Hibiscus";1972;"FIESTA";1709212517;1709212892;"https://music.apple.com/fr/album/hibiscus/1245352292?i=1245352451&uo=4";;
"Jeff Parker";"The new breed";"Executive life";2015;"INTERNATIONAL ANTHEM RECORDING CO.";1709212890;1709213349;;;
"Joan Shaw";"A Retrospective (1947-1964)";"Do what you want with me";1953;"Fresh Sound";1709213347;1709213490;;;"https://www.deezer.com/track/142379669"
"The Volunteered Slaves";"Spaceshipone";"SpaceShipOne";2021;"Day After Music";1709213490;1709213810;"https://music.apple.com/fr/album/spaceshipone/1570269909?i=1570269927&uo=4";"https://open.spotify.com/track/093LtCB0J5k2ZDCIZ4Nxxi";
"Ramsey Lewis";"Solar wind";"Hummingbird";1974;"WOUNDED BIRD RECORDS";1709213807;1709214096;"https://music.apple.com/fr/album/hummingbird/870951368?i=870951377&uo=4";"https://open.spotify.com/track/2UClBJNVQRZKyqqzA3nn1f";
"Nils Landgren";"The moon the stars and you";"Oh you crazy moon";2011;"ACT";1709214093;1709214304;"https://music.apple.com/fr/album/oh-you-crazy-moon/455198880?i=455198935&uo=4";"https://open.spotify.com/track/7k8D1zSwWbPZU7m985J0CS";
"Bud Powell";"Time Waits";"Buster Rides Again";1999;"Blue Note";1709214301;1709214631;;;"https://www.deezer.com/track/513806992"
"BadBadNotGood";"III";"Confessions";2014;"INNOVATIVE LEISURE";1709214629;1709214927;"https://music.apple.com/fr/album/confessions/1608119721?i=1608120028&uo=4";"https://open.spotify.com/track/1Sc2RHxyKHMeyCChQTWTnp";
"Ella Fitzgerald";"The Stockholm concert 1966";"Duke's place";1966;"PABLO";1709214923;1709215199;;;"https://www.deezer.com/track/350019971"
"Snorre Kirk Quartet";"Tangerine rhapsody";"Unsentimental";2019;"STUNT";1709215199;1709215656;;;
"Rahsaan Roland Kirk";"Simmer Reduce Garnish & Serve";"Hey Babebips";1978;"WARNER BROS";1709215651;1709215954;;;
"Malia";"Two fugitives";"Two Fugitives";2007;"SONYBMG";1709215950;1709216161;"https://music.apple.com/fr/album/two-fugitives/251171250?i=251171256&uo=4";"https://open.spotify.com/track/4EqIcZDfPRaarQKKlCqGyP";
"Shorty Rogers";"Jazz West coast 1950 - 1958 From Hollywood to Los Angeles";"Martians go home";1955;"FREMEAUX & ASSOCIES";1709216160;1709216631;;;
"Sophie Alour";"La géographie des rêves (cd promo)";"La géographie des rêves";2012;"Naïve";1709216630;1709216955;"https://music.apple.com/fr/album/la-g%C3%A9ographie-des-r%C3%AAves/521788291?i=521788816&uo=4";"https://open.spotify.com/track/2cgVFqKUOxUfdiYCo1yf23";"https://www.deezer.com/track/511458602"
"James Cotton";"Deep in the blues";"You got my nose open";1995;"VERVE";1709216955;1709217209;;;
"Alfa Mist";"Antiphon";"Kyoki";2017;;1709217208;1709217567;"https://music.apple.com/fr/album/kyoki/1451211664?i=1451212196&uo=4";"https://open.spotify.com/track/7wZXp4KSVzG5t1oRX41JXU";
"Charles Bell Trio";"The Charles Bell Trio in concert";"Memories of home";1963;"FRESH SOUND RECORDS";1709217564;1709217904;;;
"Molly Johnson";"Another day";"Red cardinal";2003;"EMARCY";1709217904;1709218078;;;
"The Ramsey Lewis Trio";"Upendo ni pamoja";"Upendo ni pamoja";1972;"CBS";1709218075;1709218517;;;
"Aldo Romano";"African flash-back";"Viso di donna";2005;"LABEL BLEU";1709218513;1709218725;;"https://open.spotify.com/track/2u1pxzzrUg1Sgce0TxD9fB";"https://www.deezer.com/track/68604126"
"Oscar Brown Jr";"Sin & Soul ...And Then Some";"Sleepy";1960;"Columbia";1709218722;1709218870;;;
"Lluis Capdevila";"Cinematic radio";"Malaga";2019;"AUTOPRODUCTION";1709218870;1709219098;"https://music.apple.com/fr/album/m%C3%A1laga/1450880091?i=1450880092&uo=4";"https://open.spotify.com/track/6mGAyAuQSJMApKtabYOEEH";
"James Carter";"In carterian fashion";"Don's idea";1998;"ATLANTIC";1709219094;1709219403;"https://music.apple.com/fr/album/dons-idea/301009080?i=301009090&uo=4";"https://open.spotify.com/track/7lCaSBpPzTahhgBqLxa64b";
"S.Mos";"Hip hop and jazz mixed up / Vol.2 (cd promo)";"For minors only";2011;"MUSICAST";1709219401;1709219618;;;
"The Jimmy Heath Sextet";"The thumper";"Two tees";1960;"FRESH SOUND RECORDS";1709219616;1709219871;;;
"Diederik Wissels";"Song of you";"The worrystone";2004;"IGLOO";1709219869;1709220208;;"https://open.spotify.com/track/7C9c2LN4F46NE0nqL3OACU";
"Louis Jordan";"I believe in music";"Caldonia";1973;"B & BLUE";1709220204;1709220500;;;"https://www.deezer.com/track/305700"
"John Surman";"Brewster's rooster";"Hilltop dancer";2009;"ECM";1709220501;1709220944;;"https://open.spotify.com/track/7uJRB3tL0nZv89pM8Arx3T";
"Herb Ellis";"Nothing but the blues";"Patti cake";1957;"VERVE";1709220942;1709221303;"https://music.apple.com/fr/album/patti-cake/443078422?i=443078424&uo=4";;
"Anthony Wilson";"Frogtown";"Shabby bird";2016;"GOAT HILL RECORDINGS";1709221300;1709221507;;"https://open.spotify.com/track/1yFHh0hNXoQwqTHHJtRaM0";"https://www.deezer.com/track/2208452657"
"Pat Metheny";"Secret story";"Rain river";1992;"GEFFEN";1709221503;1709221923;"https://music.apple.com/fr/album/rain-river/1680823624?i=1680824219&uo=4";;
"Chihiro Yamanaka";"Forever begins (cd promo)";"Blue pearl";2011;"Verve";1709221918;1709222259;;;
"Doris Day";"Compilation / L'histoire du jazz vocal : 1941 à 1953 / Volume 13";"Sentimental journey";1944;"DREYFUS";1709222257;1709222481;;;
"Brahja";"Brahja";"Qwikness";2019;"RR GEMS";1709222481;1709222777;"https://music.apple.com/fr/album/qwikness/1481925608?i=1481925611&uo=4";"https://open.spotify.com/track/2z7rOlzGkCF4RCA4n5J7DJ";
"Guy Lafitte";"Blues in summertime";"Milligan place";1971;"RCA";1709222773;1709223059;;;
"Veronica Mortensen";"I'm the girl";"Chuck E.'s in love";2010;"STUNT";1709223057;1709223387;;;
"Benny Goodman Quintet";"Teddy Wilson the quintessence/New York-Chicago 1933-1950";"Pick-a-rib";1938;"FREMEAUX";1709223384;1709223734;;;
"Ray Lema Et Laurent De Wilde";"Riddles";"Riddles";2016;"GAEZBO / ONE DROP";1709223732;1709224022;;;
"Kurt Elling";"Live In Chicago";"Oh my god";1999;"BLUE NOTE";1709224016;1709224237;"https://music.apple.com/fr/album/oh-my-god-live/723467420?i=723468330&uo=4";;
"Gnostic Trio";"In Lambeth : Visions from the walled garden of William Blake";"The night of enitharmon's joy";2013;"TZADIK";1709224237;1709224523;;;
"Dorothy Ashby";"The jazz harpist / Vol. 1 et Vol. 2";"Pawky";1958;"FRESH SOUND RECORDS";1709224520;1709224943;"https://music.apple.com/fr/album/pawky/306304189?i=306304235&uo=4";"https://open.spotify.com/track/3g5duwKZe3vDzElRicZwOH";"https://www.deezer.com/track/49518101"
"Elisabeth Kontomanou";"Brewin' the blues";"Moanin' Low";2008;"NOCTURNE";1709224941;1709225164;;;
"Paul Desmond";"Pure Desmond";"Squeeze Me";1974;"CBS";1709225161;1709225432;"https://music.apple.com/fr/album/squeeze-me/202547971?i=202548433&uo=4";;"https://www.deezer.com/track/618829"
"Alvin Queen";"I ain't looking at you";"Shirley's song";2006;"ENJA";1709225430;1709225835;"https://music.apple.com/fr/album/shirleys-song/310159743?i=310160919&uo=4";"https://open.spotify.com/track/6rZ2qzY0EKcEIyDfjFG3fI";
"Zilla Mayes";"Jukebox mambo / Vol.2";"Calypso blues";1961;"JAZZ MAN";1709225832;1709225999;;;
"Andy Hay";"Many rivers";"Afronaught / Travel";2019;"AUTOPRODUCTION";1709225999;1709226218;;;
"Tony Williams";"The Joy of Flying";"Hittin on 6";2010;"Reel Music";1709226217;1709226594;;;
"Youn Sun Nah";"Voyage";"Calypso Blues";2008;"THE ACT";1709226588;1709226831;;;
"John Coltrane. (Compositeur)";"Cannonball Adderley Quintet in Chicago";"The Sleeper";1999;"Mercury";1709226830;1709227261;;;
"Christophe Wallemme";"Time zone";"Exit";2004;"NOCTURNE";1709227257;1709227575;;;
"Charles Brown";"Honey dripper";"News all over town";1994;"VERVE";1709227573;1709227993;;;
"Steve Swallow";"Singular Curves";"Get lost";2014;"AUAND RECORDS";1709227994;1709228267;;"https://open.spotify.com/track/5AYbykY8XIx8QFujXIWfsV";"https://www.deezer.com/track/2532320701"
"Oscar Peterson";"The canadian giant";"I Got Rhythm";1952;"VERVE";1709228264;1709228458;"https://music.apple.com/fr/album/i-got-rhythm/585535913?i=585536069&uo=4";;
"Chris Thile & Brad Mehldau";"Chris Thile & Brad Mehldau";"The Old Shade Tree";2017;"NONESUCH / WARNER";1709228457;1709228830;"https://music.apple.com/fr/album/the-old-shade-tree/1175624431?i=1175624620&uo=4";;
"Dizzy Gillespie & Lalo Schifrin";"Free Ride";"Free Ride";1977;"PABLO";1709228826;1709229145;;;
"Louis Sclavis";"Frontières";"Tulgudur";2017;"JMS";1709229141;1709229444;"https://music.apple.com/fr/album/tulgudur/1473809843?i=1473810587&uo=4";"https://open.spotify.com/track/6HNw2se7s2Efa2dz0SjKKO";
"Rose Murphy";"I can't give you anything but love";"I can't give you anything but love";1955;"ARCADE";1709229440;1709229595;"https://music.apple.com/fr/album/i-cant-give-you-anything-but-love/1608994536?i=1608994554&uo=4";;
"Rhoda Scott";"Movin' blues";"Blue law";2020;"SUNSET RECORDS / L'AUTRE DISTRIBUTION";1709229595;1709229837;"https://music.apple.com/fr/album/blue-law/1491480141?i=1491480144&uo=4";"https://open.spotify.com/track/5r84r5iDOIsp8Oo1nlS0eZ";
"Alain Jean Marie";"Lazy Afternoon";"Reincarnation of love bird";1999;"Shaï";1709229836;1709230184;;;
"The Jazz Passengers";"Reunited";"Spanish Harlem";2010;"YELLOWBIRD";1709230179;1709230532;;;
"Mary Lou Williams";"Black christ of the Andes";"It ain't necessarily so";1964;"MPS";1709230532;1709230810;"https://music.apple.com/fr/album/it-aint-necessarily-so/262208338?i=262208443&uo=4";"https://open.spotify.com/track/0hbeUmFXsE5FXaWdOTROYv";
"Roy Hargrove";"Nothing serious";"A day in vienna";2006;"VERVE";1709230809;1709231133;"https://music.apple.com/fr/album/a-day-in-vienna/1443466011?i=1443466198&uo=4";"https://open.spotify.com/track/0gsZr1CzVLU2MPIMkudAjn";
"Champion Jack Dupree";"La cave Saravah";"Ooh la la";1975;"SARAVAH";1709231130;1709231500;;;"https://www.deezer.com/track/11783229"
"David El Malek";"Music from source";"Haggadah";2008;"NOCTURNE";1709231500;1709231741;;;
"Lou Donaldson";"Blues Walk";"Play Ray";1958;"Blue Note";1709231738;1709232063;"https://music.apple.com/fr/album/play-ray/556233432?i=556233442&uo=4";"https://open.spotify.com/track/0CaMKN4Fu6WKHBW38JazrY";"https://www.deezer.com/track/3148680"
"Natacha Atlas";"Myriad road";"Something";2015;"DECCA RECORDS";1709232061;1709232305;"https://music.apple.com/fr/album/something/1442357772?i=1442358060&uo=4";"https://open.spotify.com/track/2ziia19TffkatxV9jiP9ZO";"https://www.deezer.com/track/110152034"
"Michael Brecker";"Tales from the Hudson";"Song for Bilbao";1996;"Impulse !";1709232304;1709232645;"https://music.apple.com/fr/album/song-for-bilbao/1444001865?i=1444002069&uo=4";"https://open.spotify.com/track/0WMG5EgKUdK73cLMEPoRMX";
"Amnesiac Quartet";"Tribute to radiohead / Vol.2";"Exit music (for a film)";2013;"RADIOHEAD";1709232642;1709233011;"https://music.apple.com/fr/album/exit-music-for-a-film/1626660879?i=1626660890&uo=4";;
"Artie Shaw";"Self portrait";"Blues in the night";1941;"BLUEBIRD";1709233007;1709233200;;;"https://www.deezer.com/track/98398236"
"3TM";"Lake";"Woods";2019;"WE JAZZ RECORDS";1709233200;1709233449;"https://music.apple.com/fr/album/woods/1709348620?i=1709348621&uo=4";"https://open.spotify.com/track/1OTJEyK69icpBXVOHTsIXK";"https://www.deezer.com/track/2474316011"
"Charles Williams";"Stickball";"Iron jaws";1972;"MAINSTREAM RECORDS";1709233446;1709233849;;"https://open.spotify.com/track/40hA8Bo8nyR1ySsnVM3vsG";
"Jim Tomlinson";"The lyric";"Something happens to me (feat. Stacey Kent)";2005;"OPLUS";1709233847;1709234077;;;
"Bill Evans";"The complete Riverside recordings : Volume 2 (cd 4)";"34 skidoo";1964;"RIVERSIDE";1709234075;1709234454;;;
"Quartetto Minimo";"Atlantico";"Atlântico";2018;"AUTOPRODUCTION";1709234452;1709234753;"https://music.apple.com/fr/album/atlantico/1436289190?i=1436289225&uo=4";"https://open.spotify.com/track/6Ee8it3JflkAICJP9VCLEZ";
"Kevin Mahogany";"My romance";"Everything I Have Is Yours";1998;"WARNER BROS";1709234750;1709235025;"https://music.apple.com/fr/album/everything-i-have-is-yours/302198017?i=302198022&uo=4";"https://open.spotify.com/track/3xkPQNIBTH4EZAGgcm3h1M";
"Tonbruket";"Nubium swimtrip";"Dukes and wells";2013;"ACT MUSIC & VISION";1709235025;1709235458;"https://music.apple.com/fr/album/dukes-and-wells/709308114?i=709308331&uo=4";"https://open.spotify.com/track/7d9qC4RrYKe0uVJ4pHE1VJ";"https://www.deezer.com/track/70712458"
"Quincy Jones";"Go west man";"Kings road blues";1957;"UNIVERSAL";1709235457;1709235757;"https://music.apple.com/fr/album/kings-road-blues/1443813753?i=1443813879&uo=4";"https://open.spotify.com/track/2avxm5cX0MDGRIrrbvNprS";
"Nostalgia 77";"Everything under the sun";"Stop to make a change";2007;"TRU THOUGHTS";1709235756;1709236030;"https://music.apple.com/fr/album/stop-to-make-a-change/307943552?i=307943573&uo=4";"https://open.spotify.com/track/4R6f6FTBgP4O2fhZcDTlOc";"https://www.deezer.com/track/15016294"
"Lloyd Mac Neill Quartet";"Washington suite";"Home rule";2011;"Universal Sound";1709236029;1709236390;;;
"Medeski Martin And Wood";"Uninvisible";"Uninvisible";2002;"BLUENOTE";1709236386;1709236601;;;
"Herbie Mann";"Herbie Mann & Joao Gilberto with Antonio Carlos Jobim";"One note samba";1962;"ATLANTIC";1709236598;1709236798;"https://music.apple.com/fr/album/one-note-samba/534191034?i=534191038&uo=4";"https://open.spotify.com/track/3vg20d9smJYaGbiiC10Dti";"https://www.deezer.com/track/762164"
"Matt Wilde";"Who cares";"Who cares";2023;"BAND ON THE WALL RECORDINGS";1709236799;1709237010;"https://music.apple.com/fr/album/who-cares/1678249694?i=1678249695&uo=4";"https://open.spotify.com/track/0V4VjI45vNfv5sL6AV8LOn";"https://www.deezer.com/track/2322984505"
"Ashley Henry";"My voice";"Day Dream";2023;"NAIVE RECORDS";1709237007;1709237298;"https://music.apple.com/fr/album/day-dream/1677444473?i=1677444638&uo=4";"https://open.spotify.com/track/0pmfzrYIaHzPQ0DYnRWLwi";
"Bobby Hutcherson";"Components";"Tranquillity";1965;"BLUE NOTE";1709237292;1709237591;"https://music.apple.com/fr/album/tranquillity/1442924838?i=1442926290&uo=4";;"https://www.deezer.com/track/89078309"
"Jeanne Lee";"Natural affinities";"I thougt about you";1992;"OWL";1709237589;1709237892;;;
"Laurent de Wilde Trio";"Life is a Movie";"La vague";2023;"Gazebo";1709237888;1709238263;;;
"Chano Dominguez & Antonio Lizana";"Estándares";"Skylark";2022;"ALTAFONTE";1709238256;1709238543;;;
"Marc Miralta";"New York Flamenco Reunion";"Epistrophy";2000;"NUEVOS MEDIOS";1709238543;1709238876;;"https://open.spotify.com/track/4p59S3lv3CFmO0bXbirin9";"https://www.deezer.com/track/78249812"
"Lee Konitz";"Lee Konitz meets Jimmy Giuffre";"Round midnight";1958;"VERVE";1709238875;1709239190;"https://music.apple.com/fr/album/round-midnight/1369017865?i=1369018012&uo=4";"https://open.spotify.com/track/7LzDBgmMFhfcqPaYBTJoj4";
"Ben Wendel";"All one";"I loves you Porgy (feat. Cecile Mac Lorin Salvant)";2023;"Edition";1709239189;1709239525;;;
"Chris Potter";"Gratitude";"The source";2001;"VERVE";1709239524;1709239918;;"https://open.spotify.com/track/7MrXwqdwwU57JqIOGtTbRe";
"Laurent Cugny Tentet";"Zeitgeist";"Salamero";2023;"Frémeaux & Associés";1709239914;1709240387;;;
"Nicholas Payton";"The couch sessions";"Feed the fire";2022;"SMOKE SESSIONS RECORDS";1709240387;1709240878;"https://music.apple.com/fr/album/feed-the-fire/1651288311?i=1651288317&uo=4";"https://open.spotify.com/track/1llnpmTDBris31hwtFmO1N";
"Geri Allen";"Grand River Crossings";"Wanna be startin' somethin'";2013;"Motéma";1709240875;1709241007;"https://music.apple.com/fr/album/wanna-be-startin-somethin/1288588820?i=1288588829&uo=4";"https://open.spotify.com/track/6tCPdJScd4LvpPVMDnRYzN";
"Michael Jackson";"Music and me";"All The Things You Are";1973;"TAMLA MOTOWN";1709241001;1709241176;"https://music.apple.com/fr/album/all-the-things-you-are/1443284801?i=1443284813&uo=4";"https://open.spotify.com/track/4DDOgnNo7c3s6OyFz1qcva";
"Stevie Wonder";"With a song in my heart";"On the Sunny Side of the Street";1963;"TAMLA MOTOWN";1709241169;1709241412;"https://music.apple.com/fr/album/on-the-sunny-side-of-the-street/1443432275?i=1443433012&uo=4";"https://open.spotify.com/track/4KGFgjP2Ji1UTHZOGw9fJ3";"https://www.deezer.com/track/608694382"
"Yvonnick Prene";"Listen !";"She's funny that way";2023;"Sunnyside";1709241405;1709241731;"https://music.apple.com/fr/album/shes-funny-that-way/1653326875?i=1653326882&uo=4";"https://open.spotify.com/track/7mdPlP4e9xz6wMhPVrp6Ai";
"Toots Thielemans";"Aquarela do Brasil";"Barquinho";1969;"PHILIPS";1709241725;1709241887;;"https://open.spotify.com/track/4kw23sGXGpARkgdLy4esUv";
"Paul Winter";"The sound of Ipanema";"Lobo bobo (the big bad wolf)";1964;"LEGACY RECORDINGS";1709241884;1709242116;;"https://open.spotify.com/track/3zzfMyX4AZvmDpVccIBWul";"https://www.deezer.com/track/82827690"
"Hamilton De Holanda";"Flying chicken";"Barulhinho de trem";2023;"SONY MUSIC ENTERTAINMENT";1709242116;1709242466;;"https://open.spotify.com/track/7MLAMHtlPwGLkWBCriOVs4";
"Matthieu Marthouret Homeland(s)";"Sitaram";"Sitaram";2023;"WE SEE MUSIC";1709242465;1709242788;;;
"King Curtis";"Instant groove";"Instant groove";1969;"ATCO";1709242781;1709242927;"https://music.apple.com/fr/album/instant-groove/1023523468?i=1023523469&uo=4";"https://open.spotify.com/track/4nl9gJlTCPvXbEWIsNs6Jr";"https://www.deezer.com/track/104794292"
"Herbie Hancock";"The complete Columbia album collection 1972 - 1988 / Man-Child / CD 7";"Heartbeat";1975;"COLUMBIA";1709242920;1709243236;"https://music.apple.com/fr/album/heartbeat/186017684?i=186018160&uo=4";"https://open.spotify.com/track/1myOI3E7KiBo572vDF90Im";"https://www.deezer.com/track/1067129"
"Wnbl";"Still not in space (feat. Mike Nasa)";"Still not in space (feat. Mike Nasa)";2023;"AGOGO RECORDS";1709243234;1709243410;;;
"Julian Lage";"The layers";"The layers";2023;"BLUE NOTE";1709243409;1709243630;"https://music.apple.com/fr/album/the-layers/1667402521?i=1667402974&uo=4";"https://open.spotify.com/track/3NeP3pdpRdVM2u72HxR2Md";"https://www.deezer.com/track/2120979027"
"Quentin Dujardin";"2020";"Michèle & Philippe";2022;"AGUA MUSIC";1709243628;1709243857;;;"https://www.deezer.com/track/1464952842"
"Andre Minvielle";"Suivez Minvielle if you can";"Tandem : La ballade irlandaise";2014;"L'AUTRE DISTRIBUTION";1709243852;1709244039;;;
"Art Van Damme";"Swinging the accordion on MPS";"Tonga";1966;;1709244039;1709244220;"https://music.apple.com/fr/album/tonga/971718570?i=971718705&uo=4";;
"Joy Bryan";"Make the man love me & Joy Bryan sings";"Old Devil Moon";1961;"FRESH SOUND RECORDS";1709244218;1709244462;;;"https://www.deezer.com/track/39907541"
"Harry Belafonte";"BD Music & J-C Denis present Harry Belafonte";"Dolly Dawn";1955;"BDMUSIC";1709244460;1709244652;;;"https://www.deezer.com/track/1075593"
"Stefano Bollani";"Arrivano gli alieni";"Matilda";2015;"Universal Music";1709244650;1709244862;"https://music.apple.com/fr/album/matilda/1443363689?i=1443364305&uo=4";"https://open.spotify.com/track/1o38H6Rno4A4CUeUYCBdII";"https://www.deezer.com/track/106322220"
"Bill Evans";"The Bill Evans album / Vol.1";"Funkallero";1971;"CBS";1709244861;1709245330;"https://music.apple.com/fr/album/funkallero/203772607?i=203772637&uo=4";"https://open.spotify.com/track/2iysTEoawFzGPtvlgDLm1O";
"Sarah Elizabeth Charles";"Inner Dialogue";"Nardis";2015;"SARAH ELIZABETH CHARLES";1709245328;1709245640;;"https://open.spotify.com/track/4a6qQ9IPmKvl3fHoYA7wmd";
"Samara Joy";"Linger awhile";"I'm confessin' (that I love you)";2022;"VERVE";1709245638;1709245935;"https://music.apple.com/fr/album/im-confessin-that-i-love-you/1637144888?i=1637145172&uo=4";"https://open.spotify.com/track/5Ihx6oOsUBYF0Zp6zUC7fk";
"Lester Young";"The President plays with the Oscar Peterson trio";"I'm confessin'";1952;;1709245932;1709246151;"https://music.apple.com/fr/album/im-confessin/369314447?i=369315201&uo=4";;"https://www.deezer.com/track/549289812"
"Snorre Kirk";"Top dog";"Boogie rider";2023;"STUNT";1709246150;1709246300;"https://music.apple.com/fr/album/boogie-rider/1673035668?i=1673037683&uo=4";"https://open.spotify.com/track/4zIwD5T8QQ3beY2lC9VSyR";
"Hoagy Carmichael";"L'art vocal / Volume 18 / Succès de 1927 à 1942";"Riverboat shuffle";1927;"L'ART VOCAL";1709246296;1709246460;;;
"Jerome Etcheberry";"Satchmocracy II";"Lazy river";2023;"CAMILLE PRODUCTIONS";1709246460;1709246714;;;
"Scary Goldings";"Scary Goldings IV";"Cornish hen (feat. John Scofield)";2021;"POCKETS";1709246712;1709246991;"https://music.apple.com/fr/album/cornish-hen-feat-john-scofield/1592604907?i=1592604910&uo=4";;
"Dr John";"Creole moon";"Georgianna";2001;"EMI";1709246979;1709247202;;;
"Thomas Enhco & Stephane Kerecki";"A Modern Songbook";"Lean on me";2023;"Masterworks";1709247199;1709247462;"https://music.apple.com/fr/album/lean-on-me/1665738980?i=1665739002&uo=4";;
"Camille Bertault";"Bonjour mon amour";"Has been";2023;"VITA PRODUCTIONS";1709247455;1709247598;"https://music.apple.com/fr/album/has-been/1664131711?i=1664133023&uo=4";"https://open.spotify.com/track/6GtcaDKcgXN1p5QUZCOY5u";
"Jon Batiste";"Marlowe";"Marlowe : The light shines brightest in the dark";2023;"REPUBLIC RECORDS";1709247600;1709247812;;;
"NEW ORLEANS JAZZ ORCHESTRA";"The music of Allen Toussaint";"Gert town";2019;"STORYVILLE RECORDS";1709247810;1709248021;"https://music.apple.com/fr/album/gert-town/1452848927?i=1452849391&uo=4";"https://open.spotify.com/track/0vpsUH0D7fCWAPF6FQVc13";
"Allen Toussaint";"The bright Mississippi";"West end blues";2009;"NONESUCH";1709248016;1709248245;"https://music.apple.com/fr/album/west-end-blues/311582068?i=311582095&uo=4";"https://open.spotify.com/track/6gFiMwIvb6yAprrbi3AMoM";
"Harry Connick Jr";"Chanson du vieux carré";"Petite fleur";2007;"MARSALIS MUS";1709248243;1709248492;;;
"Irene Kral";"The Band and I";"I'd know you anywhere";1958;"CAPITOL";1709248491;1709248619;"https://music.apple.com/fr/album/id-know-you-anywhere/1435141432?i=1435141676&uo=4";;"https://www.deezer.com/track/3361796"
"Herbie Mann";"Flute Fraternity";"Give a little whistle";1957;"REVOLA";1709248618;1709248829;"https://music.apple.com/fr/album/give-a-little-whistle-remastered/929461787?i=929465060&uo=4";;
"Egberto Gismonti";"Circense";"Tá boa, santa ?";1980;"EMI";1709248828;1709249181;;;
"Fred Hersch & esperanza spalding";"Alive at the Village Vanguard";"Lôro";2022;"PALMETTO";1709249181;1709249733;;;
"Pierre De Bethmann Trio";"Essais / Vol. 5";"Un singe en hiver";2023;"ALEA";1709249733;1709250061;"https://music.apple.com/fr/album/un-singe-en-hiver/1653759618?i=1653759830&uo=4";"https://open.spotify.com/track/0wHdsAzFWVLxFD2WocQXhV";"https://www.deezer.com/track/2007769117"
"Pat Metheny";"Beyond the Missouri sky";"Cinema paradiso (love theme)";1997;"VERVE";1709250058;1709250270;;;
"Felix Hunot";"Blue Waltz (Félix HUNOT & Björn INGELSTAM Quintet)";"Paper Doll";2023;;1709250267;1709250477;;"https://open.spotify.com/track/3kTLRuXxxaC8FU5chQNkAM";
"Louis Prima";"Bof / Les marmottes";"Sing, sing, sing";1958;"EMI";1709250472;1709250719;;;
"Anita O Day";"Verve remixed";"Sing, sing, sing (RSL remix)";1958;"VERVE";1709250718;1709251081;;;
"Nicholas Payton";"The couch sessions";"Along came betty";2022;"SMOKE SESSIONS RECORDS";1709251072;1709251199;"https://music.apple.com/fr/album/along-came-betty/1651288311?i=1651288771&uo=4";"https://open.spotify.com/track/4zGTngODWEPtmP0a0ne7eD";"https://www.deezer.com/track/1981852697"
"Ed Cherry";"Are we there yet ?";"Lawns";2023;"CELLAR LIVE";1709251199;1709251580;"https://music.apple.com/fr/album/lawns/1647746570?i=1647747409&uo=4";"https://open.spotify.com/track/6g1kzFko2YywMMGnLC6es5";"https://www.deezer.com/track/1942416027"
"Astrud Gilberto";"The Astrud Gilberto album";"And roses and roses";1965;"VERVE";1709251578;1709251732;"https://music.apple.com/fr/album/and-roses-and-roses/1647812160?i=1647813029&uo=4";"https://open.spotify.com/track/0BEn0rwSyzuvhKgZ7GLbyO";"https://www.deezer.com/track/610855662"
"Stephen Riley";"My romance";"My little Suede shoes";2022;"STEEPLECHASE";1709251730;1709252123;"https://music.apple.com/fr/album/my-little-suede-shoes/1641116520?i=1641116526&uo=4";"https://open.spotify.com/track/0t0ZtacDtgVUZXykgies1A";
"Duke Ellington";"Duke Ellington meets Coleman Hawkins";"Limbo Jazz";1962;"IMPULSE";1709252121;1709252431;;;
"Jacques Schwarz Bart";"Jazz racine Haiti";"Vaudou zepole (feat. Rosna Zila)";2014;"MOTEMA";1709252430;1709252876;;;
"Dexter Gordon";"Stable mable";"In A Sentimental Mood";1975;"STEEPLECHASE";1709252875;1709253280;"https://music.apple.com/fr/album/in-a-sentimental-mood/160609171?i=160609218&uo=4";"https://open.spotify.com/track/1jADeKvtECNhKmWLxQbrUZ";
"Leland Whitty";"Anyhow";"Awake";2022;"INNOVATIVE LEISURE";1709253280;1709253547;"https://music.apple.com/fr/album/awake/1649997916?i=1649997920&uo=4";"https://open.spotify.com/track/30fFEs6l4h8TVzK8DIO7I1";
"Jose James";"On & on";"The healer (feat. Ebban Dorsey)";2023;"RAINBOW BLONDE";1709253546;1709253894;"https://music.apple.com/fr/album/the-healer-feat-ebban-dorsey/1647567694?i=1647567701&uo=4";;
"Herbie Hancock";"Dis Is Da Drum";"Butterfly";1994;"MERCURY";1709253892;1709254242;;"https://open.spotify.com/track/46V1AVbGSzW6CAPWKKpby5";
"Annie Ross";"Music is forever";"Jackie";1995;"DRG RECORDS";1709254236;1709254444;;;
"Samara Joy";"Linger awhile";"Sweet pumpkin";2022;"VERVE";1709254442;1709254670;;"https://open.spotify.com/track/5qMLVcANtTt6HB8XaVd6lM";
"Blue Mitchell";"Blue's mood";"I'll close my eyes";1994;"RIVERSIDE";1709254665;1709255017;;"https://open.spotify.com/track/76oiXjka5OXZJ4eqSQIDfY";
"Takuya Kuroda";"Midnight crisp";"It's okay";2022;"FIRST WORD RECORDS";1709255017;1709255379;"https://music.apple.com/fr/album/its-okay/1636423039?i=1636423042&uo=4";"https://open.spotify.com/track/1ao6KfsCQsl2zn55hTMtpd";
"Lettuce";"Didn't you";"Didn't you";2023;"PRIMARY WAVE MUSIC";1709255375;1709255597;;"https://open.spotify.com/track/51RS0cE9EwwWCS3ii2KVxD";
"Count Basie & His Orchestra";"Basie on the Beatles";"Penny lane";1969;"OCIUM";1709255594;1709255787;;;
"Clover Trio";"Harvest";"Imagine";2018;"GREEN NOSE PRODUCTIONS";1709255785;1709256194;"https://music.apple.com/fr/album/imagine/1330968679?i=1330968865&uo=4";"https://open.spotify.com/track/0mciwzrxAnPh3MSyeKsYNA";"https://www.deezer.com/track/446089632"
"Julie London";"Julie is her name";"Can't help lovin' dat man";1955;"EMI";1709256192;1709256381;;;"https://www.deezer.com/track/1098735482"
"Rachael & Vilray";"I love a love song !";"Why do I ?";2023;"NONESUCH RECORDS";1709256379;1709256559;;;
"Nat King Cole";"Café de Flore (Rendez-vous à Saint-Germain-des-Prés) / vol. 2";"L-O-V-E (version française)";1964;"DISCOGRAPH";1709256559;1709256708;;;
"Chet Baker";"Baby breeze";"I wish you love";1964;"BABBY SCOTT";1709256707;1709256896;;;"https://www.deezer.com/track/935296192"
"Eric Le Lann";"Eric Le Lann joue Piaf et Trenet";"Ménilmontant";1990;"MUSIDISC";1709256896;1709257225;;;
"Olivier Temime";"Inner Songs";"Golden lady";2022;"Day After Music";1709257223;1709257572;;;"https://www.deezer.com/track/2095845037"
"Sasha Dobson";"Girl Talk";"These boots are made for walkin'";2021;"SASHA DOBSON";1709257567;1709257846;;"https://open.spotify.com/track/3dZPT79DP95pNh1IyWopQR";
"Gabor Szabo";"Bacchanal & 1969";"Some velvet morning";1968;"Cherry red records";1709257843;1709258165;"https://music.apple.com/fr/album/some-velvet-morning/102859798?i=102859432&uo=4";"https://open.spotify.com/track/2ulWlLJoPBhdShzrICcmiD";
"Lee Hazlewood";"Farmisht, flatulence, origami, arf!!! and me";"Am i blue";1999;"SMELLS LIKE RECORDS";1709258163;1709258290;;;
"Stephane Grappelli";"BD Music presents Stéphane Grappelli";"You took advantage of me";1954;"BDMUSIC";1709258288;1709258398;;;
"Yussef Dayes";"Duality";"For my ladies";2019;"GOOD GRIEF INC";1709258400;1709258738;;"https://open.spotify.com/track/1GOiGHZpvVIwIXqmXVwvCy";
"Eddie Harris";"Free speech";"Boogie woogie bossa nova";1970;"ATLANTIC";1709258734;1709259104;;;
"Madeleine Peyroux";"Half the perfect world";"I'M All Right";2006;"ROUNDER";1709259098;1709259304;"https://music.apple.com/fr/album/im-all-right/1440947714?i=1440947723&uo=4";"https://open.spotify.com/track/5BLAxhcAJj0CSYhrEH2SfF";
"Wes Montgomery";"The incredible jazz guitar of Wes Montgomery";"Four on six";1965;"RIVERSIDE";1709259300;1709259675;"https://music.apple.com/fr/album/four-on-six/1321154198?i=1321155401&uo=4";"https://open.spotify.com/track/5QdyYHg2QnrPC1lOiRkZBC";"https://www.deezer.com/track/4123109"
"Timo Lassy";"In with Lassy";"Shootin' dice";2011;"SCHEMA RECORDS";1709259669;1709259986;;;
"Malcolm Mclaren";"Paris";"Jazz is Paris";1994;"EMI";1709259984;1709260286;;;
"David Helbock Trio";"Into the mystic";"Eros";2016;"ACT MUSIC & VISION";1709260286;1709260571;;;
"Gerry Mulligan";"Les trésors du Jazz 1953 - Vol. 4";"Motel";1957;"COLUMBIA";1709260566;1709260720;;;
"Elisabeth Kontomanou";"Wainting for spring";"Will love stay in my heart";2005;"NOCTURNE";1709260720;1709260971;"https://music.apple.com/fr/album/will-love-stay-in-my-heart/309854441?i=309854523&uo=4";;
"John Taylor";"Pause and think again";"White magic";1971;"FUTURE MUSIC";1709260968;1709261438;;;
"Chris Gall Trio";"Hello stranger";"Little window";2010;"ACT";1709261437;1709261720;;;
"Nancy Harrow";"Wild women don't have the blues";"Can't we be friends ?";1960;"CANDID";1709261717;1709262027;;;
"Petter Eldh";"Koma Saxo";"Koma tema";2019;"We Jazz";1709262027;1709262249;;"https://open.spotify.com/track/0hyGOTATyjRM7v98VMa42z";
"Nguyen Le";"Maghreb and friends";"Constantine";1998;"ACT MUSIC & VISION";1709262246;1709262625;"https://music.apple.com/fr/album/constantine/308974852?i=308974860&uo=4";"https://open.spotify.com/track/7MOIdSJUsZqnDVTvoIyynL";
"Zara McFarlane";"Arise";"Freedom chain";2017;"BROWNSWOOD RECORDINGS";1709262623;1709262888;"https://music.apple.com/fr/album/freedom-chain/1561778383?i=1561778394&uo=4";"https://open.spotify.com/track/22VL0tByv2ivKJ6JIRLrZD";
"Phineas Newborn Jr";"Fabulous Phineas";"I'll Remember April";1958;"RCA";1709262885;1709263342;;;
"Ari Hoenig";"Bert's playground";"The way you look tonight";2008;"Dreyfus Jazz";1709263341;1709263663;"https://music.apple.com/fr/album/the-way-you-look-tonight/741314452?i=741314457&uo=4";;"https://www.deezer.com/track/75481974"
"Horace Silver";"Nova explore Blue Note / Vol 1";"I've had a little talk (feat. Andy Bey)";1972;"BLUE NOTE";1709263660;1709263882;;;
"Jaga Jazzist";"The stix";"I could have killed him in the sauna";2003;"NINJA TUNE";1709263882;1709264212;"https://music.apple.com/fr/album/i-could-have-killed-him-in-the-sauna/416348257?i=416348265&uo=4";"https://open.spotify.com/track/2NVBNDfeZOZZOSPTne6ECl";
"Kenny Burrell";"Bluesy Burrell";"Montono blues";1962;"Concord";1709264211;1709264494;;;
"Catherine Russell";"Strictly romancin";"Romance in the dark";2012;"WORLD VILLAG";1709264493;1709264741;;"https://open.spotify.com/track/1GpMdckzwdz0oHJfurd0Ez";
"Ellis Marsalis";"Loved ones";"Lulu´s back in town";1996;"COLUMBIA";1709264738;1709265032;;;
"Aaron Goldberg";"The Now";"Yoyo";2014;"SUNNYSIDE COMMUNICATIONS";1709265031;1709265331;;;
"Sammy Price & Lucky Thompson Quintet";"Lucky Thompson : Complete parisian small group sessions 1956-1959";"How long blues";1957;"FRESH SOUND RECORDS";1709265330;1709265589;;;
"Gard Nilssen Acoustic Unity";"To Whom Who Buys A Record";"Botteknott";2019;"Odin";1709265589;1709265878;"https://music.apple.com/fr/album/b%C3%B8tteknott/1471344587?i=1471345476&uo=4";"https://open.spotify.com/track/1Asw6y3C7Jq0kgN42QGDeN";
"Buddy Rich (Batterie)";"The Roar of '74";"Kilimanjaro cookout";1974;"Groove Merchant";1709265872;1709266245;"https://music.apple.com/fr/album/kilimanjaro-cookout/1101767421?i=1101767426&uo=4";;"https://www.deezer.com/track/12008099"
"Dr John";"N'awlinz : Dis, dat or d'udda";"Such a much";2004;"EMI";1709266242;1709266432;;;
"Artie Shaw";"The Last Recordings Rare and Unreleased, Vol. I";"Dancing on the ceiling";1954;"Limelight";1709266431;1709266861;"https://music.apple.com/fr/album/dancing-on-the-ceiling/1601075897?i=1601075902&uo=4";;"https://www.deezer.com/track/105365346"
"Enrico Pieranunzi";"Monsieur Claude";"Passepied nouveau";2018;"BONSAI MUSIC";1709266860;1709267148;;"https://open.spotify.com/track/0Ojn5HBy1lcILqz4m0Nj2h";
"Gling-Glo";"Gling-gló";"Ruby baby";1990;"SMEKKLEYSA";1709267147;1709267388;;;
"Kneebody";"The line";"Cha-cha";2013;"KNEEBODY";1709267388;1709267691;"https://music.apple.com/fr/album/cha-cha/694917033?i=694917037&uo=4";"https://open.spotify.com/track/3ImLY1hS02LHiJctNHZzdj";
"Bill Hardman Quintet";"Saying something";"Capers";1962;"SAVOY/ FRESH SONG";1709267690;1709268119;;;"https://www.deezer.com/track/60738274"
"Steve Evans";"Quartet 2 sets";"Soon it's gonna rain";2007;"SCHEMA";1709268117;1709268396;;;
"Eddie Russ";"Pulp Fusion 15";"Lope song";1974;"HARMLESS RECORDINGS";1709268393;1709268787;;;
"Olivier Ker Ourio";"Perfect match";"Ségarissimo";2014;"BONZAI";1709268785;1709269032;"https://music.apple.com/fr/album/s%C3%A9garissimo/828306312?i=828306325&uo=4";"https://open.spotify.com/track/6Seuw8q5H7acRvXAXiMtUY";
"Marilyn Moore";"Girl Talk";"You're driving me crazy";1956;"CHARLY";1709269029;1709269199;;;
"Simone Prattico";"Oriundo";"Tanger";2021;"ZAMORA PRODUCTIONS";1709269200;1709269472;"https://music.apple.com/fr/album/tanger/1584891170?i=1584891456&uo=4";"https://open.spotify.com/track/1ODpTh2QnpGHXOpelEQLL4";
"Gabor Szabo";"Bacchanal & 1969";"Three king fishers";1968;"Cherry red records";1709269471;1709269754;"https://music.apple.com/fr/album/three-king-fishers/102859798?i=102858616&uo=4";"https://open.spotify.com/track/6w3bIc0BxTPGNHqyH4KNiY";
"Leyla McCalla";"Vari-colored songs : A tribute to Langston Hughes";"Mesi bondye";2013;"DIXIEFROG";1709269750;1709269892;"https://music.apple.com/fr/album/mesi-bondye/710488876?i=710489201&uo=4";"https://open.spotify.com/track/25r7HAF0LWGvnIUeQ3d1CU";
"Buddy Terry";"Feeling good  : funk, soul and deep jazz gems";"Abscretions";1971;"WE WANT SOUNDS";1709269889;1709270182;"https://music.apple.com/fr/album/abscretions/1168133470?i=1168133862&uo=4";"https://open.spotify.com/track/3GZUpD7xofPsqHteLd0KlK";"https://www.deezer.com/track/422777722"
"Trio Elf";"Elfland";"Ocean 11";2010;"ENJA";1709270181;1709270670;;;"https://www.deezer.com/track/479221592"
"Slim Gaillard";"Tap dancing";"Groove juice special";1942;"SAGA";1709270669;1709270829;;;
"Airelle Besson";"Radio one";"Candy parties";2016;"NAIVE";1709270828;1709271014;;"https://open.spotify.com/track/5utFhShHfLzaaDRGFyYMU6";
"Lalo Zanelli And Ombu";"Memoria colectiva";"Memoria colectiva";2010;"BUDAM MUSIQU";1709271015;1709271320;;;
"Titi Winterstein";"Djinee tu kowa ziro";"Hunn, O pani naschella";1985;"BOULEVARD";1709271318;1709271625;;;
"Kevin Mahogany";"Pride & joy";"My world is empty without you";2002;"TELARC";1709271623;1709271924;;"https://open.spotify.com/track/2a1gT7Hg98UzW3cRLxK7pz";
"Erroll Garner";"Trio";"Erroll's bounce";1947;"DREYFUS";1709271920;1709272097;"https://music.apple.com/fr/album/errolls-bounce-air-check/274358999?i=274361124&uo=4";;
"Baptiste Trotignon";"Share";"Dexter";2008;"NAIVE RECORDS";1709272096;1709272468;;;"https://www.deezer.com/track/523598482"
"Andy Bey";"Tuesdays in Chinatown";"Just Friends";2002;"Minor Music";1709272463;1709272620;;;"https://www.deezer.com/track/6092386"
"Dean Martin";"The best of the capitol years 1952-1962";"Relax-ay-voo";1955;"CAPITOL";1709272619;1709272791;;;"https://www.deezer.com/track/3434233"
"Fiona Monbet";"Maelström";"Joy song";2021;"Crescendo / Fofeo Production";1709272791;1709273075;;;
"Benny Goodman";"Air play";"Swing low sweet chariot";1936;"EPM RECORDS";1709273072;1709273211;;;"https://www.deezer.com/track/104443376"
"Nikki Yanofsky";"Nikki";"Take the """"A"""" train";2010;"DECCA";1709273208;1709273420;;;
"Freddie Hubbard";"Red clay";"Red clay";1970;"EPIC";1709273419;1709274146;"https://music.apple.com/fr/album/red-clay/1066480581?i=1066483041&uo=4";"https://open.spotify.com/track/2JdllRPH6a8NCpt2bpxpns";"https://www.deezer.com/track/7245752"
"Marcin Wasilewski Trio";"Trio";"Sister's song";2005;"ECM";1709274142;1709274493;;;
"Eartha Kitt";"The essential Eartha Kitt";"Somebody bad stole the wedding bell (who's got the ding-dong)";1953;"Legacy Recordings";1709274489;1709274654;;;
"Pierrick Pedron";"Cheerleaders";"Nonagon's dance";2011;"ACT MUSIC";1709274655;1709274908;"https://music.apple.com/fr/album/nonagons-dance/463717561?i=463717608&uo=4";"https://open.spotify.com/track/2DQT14gda94P7sJzyfI3Kc";"https://www.deezer.com/track/17311918"
"Russell Malone";"Sweet georgia peach";"Sweet Georgia Peach";1998;"IMPULSE";1709274907;1709275259;;"https://open.spotify.com/track/2gfQZjBf5wNDMUEN1rOxdw";
"Gretchen Parlato";"In a dream";"Within me";2009;"OBLIQSOUND";1709275255;1709275586;"https://music.apple.com/fr/album/within-me/324839730?i=324839895&uo=4";"https://open.spotify.com/track/0zD4URf0gv8s8MrnZj6TXN";
"Illinois Jacquet";"Film noir";"Harlem nocturne";1956;"Nocturne";1709275582;1709275851;;;
"Pascal Schumacher Quartet";"Bang my can";"Seven Fountains";2011;"ENJA";1709275850;1709276155;;;
"Mark Murphy";"Midnight mood";"Sconsolato";1978;"MPS";1709276154;1709276378;;;
"Rhoda Scott Lady All Stars";"Rhoda Scott Lady All Stars";"Golden Age";2021;"FRAMBOISE PRODUCTION";1709276378;1709276734;;;
"Oliver Nelson";"Afro / American sketches";"Message";1962;"PRESTIGE";1709276732;1709277083;;;"https://www.deezer.com/track/75897402"
"Mario Biondi";"Handful of soul";"I can't keep from crying sometimes";2006;"BONSAI";1709277080;1709277374;;"https://open.spotify.com/track/3b8hIf9uAzCVjK9qPSXYIB";
"Chris McGregor";"Chris McGregor's Brotherhood of Breath";"Mra";;"Fledling";1709277370;1709277669;;;
"Isabelle Olivier";"Petite & grande";"Valse marine";2004;"NOCTURNE";1709277668;1709277983;;;
"Abbey Lincoln";"Abbey is blue";"Afro blue";1959;"RIVERSIDE";1709277980;1709278174;"https://music.apple.com/fr/album/afro-blue-remastered/1711271295?i=1711271477&uo=4";;
"Arthur Possing Quartet";"Natural Flow";"One Move Further";2021;"Double Moon";1709278174;1709278472;"https://music.apple.com/fr/album/one-move-further/1576229409?i=1576229746&uo=4";"https://open.spotify.com/track/1DX56lVupW3qObcVdDC8He";"https://www.deezer.com/track/1431869482"
"Gato Barbieri";"Bolivia";"Eclypse michellina";1973;"BMG";1709278470;1709278849;;;
"Anna Greta";"Nightjar in the northern sky";"Sleepless (feat. Sigurour Flosason & Magnus Trygvason Eliassen)";2021;"ACT MUSIC & VISION";1709278841;1709279112;;;
"Gnu Quartet";"Jazz al dente !";"Gnudi di spinaci e ricotta";2010;"BONSIA MUSIC";1709279109;1709279229;;;
"Ramsey Lewis Trio";"Pot luck";"Arrivederci Roma";1963;"Cadet";1709279229;1709279566;"https://music.apple.com/fr/album/arrivederci-roma/1652090021?i=1652090331&uo=4";"https://open.spotify.com/track/6CoJeDX7IAM7oTGW6dYc0K";
"Eric Seva";"Nomade sonore";"Rue aux fromages";2015;"Gaya";1709279563;1709279788;"https://music.apple.com/fr/album/rue-aux-fromages/1045876526?i=1045876529&uo=4";"https://open.spotify.com/track/2SrGOXozJrpuvHB6j2ogej";
"Moondog";"The viking of sixth avenue";"Enough about human rights !";1978;"HONEST JONS";1709279785;1709279998;;;
"Nicola Sabato";"California Hang";"L.A. Bounce";2023;"Sotibat";1709279999;1709280227;;"https://open.spotify.com/track/79zUKFLHL2t7DTWXYm9Cqr";
"Peggy Lee";"Four Classic Albums";"Los Angeles Blues";1961;"Avid Jazz";1709280225;1709280379;;;
"Danger Zone";"Introducing";"A boy from Texas";2023;"GAYA MUSIC PRODUCTION";1709280378;1709280552;;;
"Vicente Archer";"Bye Nashville";"Bye Nashville";2023;"CELLAR LIVE";1709280547;1709280836;;"https://open.spotify.com/track/4RU7KcICGYM1pNYo1LtS9x";
"Marion Rampal";"Don't think twice it's alright";"Don't think twice it's alright";2023;"LES RIVIERES SOUTERRAINES";1709280829;1709281066;;;
"Jef Lee Johnson Band";"The zimmermann shadown";"Knockin' on heaven's door";2009;"HOPE STREET";1709281064;1709281229;;;
"Stan Getz";"The worlds of Stan Getz : The complete Columbia album collection/The best of two worlds / Vol. 2";"Aguas de Março (Waters of March)";1976;"COLUMBIA";1709281226;1709281508;;;
"Alain Jean-Marie";"Pensativa";"Ela e carioca";2019;"L2MG";1709281500;1709281727;"https://music.apple.com/fr/album/ela-e-carioca/1481235158?i=1481235630&uo=4";"https://open.spotify.com/track/31aWVKVwZVsp5bI8BdRQfI";
"Cecile McLorin Salvant";"Mélusine";"Doudou";2023;"NONESUCH";1709281722;1709282053;"https://music.apple.com/fr/album/doudou/1659958113?i=1659958125&uo=4";"https://open.spotify.com/track/2RiwAzpCt0b7V68HZ2WjnT";
"Jacques Schwarz-Bart";"The Harlem Suite";"Butterfly (feat. Malika Tirolien)";2023;"Ropeadope Records";1709282054;1709282386;"https://music.apple.com/fr/album/butterfly-feat-malika-tirolien/1682222125?i=1682222416&uo=4";"https://open.spotify.com/track/3gCsHw7AkeI5qIGGK0DXEm";"https://www.deezer.com/track/2236904487"
"Hermon Mehari";"Menace : In Sync";"Samus";2023;"MENACE";1709282383;1709282650;;"https://open.spotify.com/track/21otMUUCjrb2W1oGR3a6k6";"https://www.deezer.com/track/2305058795"
"Miles Davis";"Complete """"In a silent way"""" sessions";"In a silent way";1969;"COLUMBIA";1709282647;1709282902;"https://music.apple.com/fr/album/in-a-silent-way-lp-mix/193603857?i=193604625&uo=4";"https://open.spotify.com/track/54a3lHJAwce1dOKrsDPEHv";
"Sachal Vasandani & Romain Collin";"Still life";"Blue In Green";2022;"EDITION";1709282895;1709283117;"https://music.apple.com/fr/album/blue-in-green/1614870738?i=1614871164&uo=4";;
"Horace Parlan";"The maestro";"Nardis";1982;"STEEPLE CHASE";1709283109;1709283426;;;
"Billie Holiday";"Songs for distingue lovers";"Let's call the whole thing off";1957;"VERVE";1709283415;1709283618;"https://music.apple.com/fr/album/lets-call-the-whole-thing-off/1469586500?i=1469586661&uo=4";"https://open.spotify.com/track/7vmypkCvYIYxj3OAm0eJ8f";
"Thomas Gomez";"Out for delivery";"My Old Flame";2023;"ZOOT RECORDS";1709283620;1709283914;;"https://open.spotify.com/track/7A9DD3YVERwtRShHf7armS";
"Bill Potts (Chef d'orchestre)";"The jazz soul of Porgy and Bess";"Oh lawd I'm on my way";1959;"FRESH SOUND RECORDS";1709283913;1709284114;;;
"Pete Candoli";"Johnny Williams : Rhythm in motion / So nice ! With Johnny Desmond";"It ain't necessarily so";1958;"BLUE MOON";1709284113;1709284250;;;
"Erik Truffaz";"Rollin'";"Thème de Fantômas";2023;"BLUE NOTE";1709284248;1709284496;"https://music.apple.com/fr/album/th%C3%A8me-de-fant%C3%B4mas/1671502618?i=1671502820&uo=4";"https://open.spotify.com/track/1S4jNuqapTRkck7ritMIxM";
"Leland Whitty";"Anyhow";"Svalbard";2022;"INNOVATIVE LEISURE";1709284492;1709284639;"https://music.apple.com/fr/album/svalbard/1649997916?i=1649997918&uo=4";"https://open.spotify.com/track/2U6G4Xj7Uekfilhu6tvxCK";
"Madison McFerrin";"You + I";"Unwise";2020;"AUTOPRODUCTION";1709284636;1709284854;;;
"Bobby McFerrin";"Bang ! zoom";"Bang ! zoom";1995;"BLUENOTE";1709284845;1709285176;;;
"Chick Corea";"Friends";"Sicily";1978;"POLYDOR";1709285168;1709285546;"https://music.apple.com/fr/album/sicily/1443607219?i=1443607833&uo=4";"https://open.spotify.com/track/7iEo53Bn2gqwMsUOZbvszw";"https://www.deezer.com/track/2303537"
"Kenny Barron";"Sambao";"Sambao";1992;"EMARCY";1709285547;1709285918;"https://music.apple.com/fr/album/sambao/1445889928?i=1445889932&uo=4";;
"Gal Costa";"Cantar";"Até quem sabe";1974;"PHILIPS";1709285912;1709286133;"https://music.apple.com/fr/album/at%C3%A9-quem-sabe/1443737145?i=1443737167&uo=4";"https://open.spotify.com/track/4jP4qcHXRE4FQOvPJNzpoW";
"David El Malek";"Travelling";"If I Could";2023;"Sunset";1709286128;1709286379;;"https://open.spotify.com/track/0ROpeJPmgUaoDh0Pg8ISCq";"https://www.deezer.com/track/2178305227"
"Lester Young";"Pres and Teddy";"Louise";1956;"Verve";1709286371;1709286685;;;
"Snorre Kirk";"Top dog";"Showtime";2023;"STUNT";1709286684;1709286925;"https://music.apple.com/fr/album/showtime/1673035668?i=1673036754&uo=4";"https://open.spotify.com/track/0RFZf7wBim69RI1zuDNKwd";
"Teodross Avery";"My generation";"My generation";1996;"IMPULSE";1709286924;1709287229;;"https://open.spotify.com/track/3fpp8sPd1z3y5WTx87sOYi";
"Leo Sidran";"What's trending";"Crazy people";2023;"BONSAI MUSIC";1709287229;1709287442;;"https://open.spotify.com/track/6AU5VbqBUhRvMUvUVYtAtW";
"The Brecker Brothers";"The Brecker bros";"Some skunk funk";1973;"SONY BMG";1709287441;1709287790;;;"https://www.deezer.com/track/1093323"
"Idris Muhammad";"Power of soul";"Loran's dance";1974;"CTI RECORDS";1709287789;1709288422;"https://music.apple.com/fr/album/lorans-dance/298170730?i=298171025&uo=4";"https://open.spotify.com/track/21MdP1zGqerRKUmfvsoWQJ";
"Rickie Lee Jones";"Pieces of treasure";"Just in time";2023;"BMG MODERN RECORDINGS";1709288413;1709288601;"https://music.apple.com/fr/album/just-in-time/1659495694?i=1659495695&uo=4";"https://open.spotify.com/track/3dLkIX8mI7LyXXb0RxiX9t";
"Rachael & Vilray";"I love a love song !";"Join me in a dream";2023;"NONESUCH RECORDS";1709288595;1709288806;"https://music.apple.com/fr/album/join-me-in-a-dream/1651972199?i=1651972206&uo=4";"https://open.spotify.com/track/7uNgFlcMfpYMt3bbqREIE3";
"Anita O Day";"Time for 2";"That's your red wagon";1962;"VERVE";1709288805;1709288971;;;
"Tito Puente";"The best of the Concord years";"Tokyo Blues";1993;"CONCORD JAZZ";1709288971;1709289285;"https://music.apple.com/fr/album/tokyo-blues/1445667581?i=1445668029&uo=4";"https://open.spotify.com/track/6vzLOCsz0ZflhROzdxNgcz";
"Laurent De Wilde Trio";"Life is a Movie";"Back on the beat";2023;"Gazebo";1709289284;1709289594;;;
"Ian Shaw";"Shine sister shine";"I don't know enough about you";2017;"JAZZ VILLAGE";1709289593;1709289816;;;
"Mal Waldron";"Jazz Magazine-Jazzman / L'âge d'or du jazz";"Jm’s dream doll";1958;"WAGRAM MUSIC";1709289816;1709290073;"https://music.apple.com/fr/album/jms-dream-doll/762842888?i=762842899&uo=4";;
"Brandee Younger";"Brand new life";"You're A Girl For One Man Only";2023;"DECCA RECORDS";1709290071;1709290307;"https://music.apple.com/fr/album/youre-a-girl-for-one-man-only/1671212000?i=1671212023&uo=4";"https://open.spotify.com/track/37WFMGHPub9UjUlN0y6XoA";"https://www.deezer.com/track/2216973247"
"Bjork";"Debut";"Like someone in love";1993;"ISLAND";1709290302;1709290574;"https://music.apple.com/fr/album/like-someone-in-love/1396001351?i=1396001749&uo=4";"https://open.spotify.com/track/0eDVClItJH4PkfPu7dciKP";
