"Artist";"Album";"Song";"Year";"Label";"start";"end";"itunes";"deezer";"spotify"
"Vladimir Cosma";"BOF / La Chevre - Le Jouet - Le Grand Blond avec une chaussure noire";"Le jouet : Le jouet (générique)";"1976";"LARGHETTO MUSIC";1764151212;1764151335;;;
"Eagles";"One of these nights";"One of these nights";"1975";"ASYLUM";1764151335;1764151804;"https://music.apple.com/fr/album/one-of-these-nights/635829971?i=635830022&uo=4";"https://www.deezer.com/track/1651616412";
"Beastie Boys";"Paul's boutique";"The sounds of science";"1989";"CAPITOL";1764151339;1764151531;;"https://www.deezer.com/track/3128883";"https://open.spotify.com/track/033N3Mf87ODmORg6YO61cm"
"Oxmo Puccino";"Lipopette bar";"Où Est Billie ?";"2006";"EMI";1764151530;1764151961;;;
"Quyen Thien Dac";"Ao-Giay Spirit money";"Ke";"2025";"HATIVE";1764151963;1764152134;;"https://www.deezer.com/track/3189515971";"https://open.spotify.com/track/0pWUsjw8NpyngaPpT6d5Uk"
"keiyaA";"Hooke’s law";"This time (feat. Rahrah Gabor )";"2025";"XL RECORDINGS";1764152104;1764152284;;;
"Massive Attack";"Blue lines";"Be thankful for what you've got";"1990";"VIRGIN";1764152283;1764152525;;;
"Aretha Franklin";"Aretha now";"Night time is the right time";"1968";"ATLANTIC";1764152516;1764152800;;"https://www.deezer.com/track/2133627";"https://open.spotify.com/track/5r0j6rl0VeTrcfZ9UJtOKv"
"Quatuor Saxophones Rascher";"Philip Glass : Oeuvres symphoniques";"Concerto pour quatuor de saxophones et orchestre : 4ème mouvement";"";"NONESUCH";1764152797;1764153023;;;
"David Bowie";"David Bowie";"Silly boy blue";"1967";"DECCA RECORDS";1764153021;1764153245;;"https://www.deezer.com/track/1589223592";
"Bernadette Grimm";"Pop a Paris / Sos mesdemoiselles / Vol 5";"C'est fou";"1966";"UNIVERSAL LI";1764153249;1764154458;;"https://www.deezer.com/track/3243758201";
"Manuel De Sica";"Anthologie des musiques de films composees par Manuel De Sica";"Le temps des amants  (film)";"1996";"DRG RECORDS";1764153385;1764154598;;;
"Oan Kim & The Dirty Jazz";"Whispers";"Agony";"2022";"AUTOPRODUCTION";1764153610;1764153770;;"https://www.deezer.com/track/2036417427";
"Lana Del Rey";"Born To Die";"Blue Jeans";"2011";"POLYDOR";1764153769;1764153977;;"https://www.deezer.com/track/18190272";"https://open.spotify.com/track/4ANim4YPlz5nVInrXdx2xr"
"Nancy Sinatra & Lee Hazelwood";"Fairytales and fantasies : The best of";"Paris summer";"1972";"";1764153976;1764154151;;;
"JB Dunckel & Jonathan Fitoussi";"Mirages II";"Iris";"2025";"PROTOYP RECORDINGS";1764154151;1764154359;;;
"Billy May";"Dance to the bands !";"Por favor";"2018";"SEPIA";1764154289;1764154430;;"https://www.deezer.com/track/1699170547";
"Sault";"10";"I.L.T.S.";"2025";"FOREVER LIVING ORIGINALS";1764154355;1764154561;;"https://www.deezer.com/track/3324301341";"https://open.spotify.com/track/12TB5WLNviUpqLglb8yTXX"
"Erykah Badu";"New amerykah part two : Return of the ankh";"Gone Baby, don't be long";"2010";"UNIVERSAL";1764154561;1764154843;"https://music.apple.com/fr/album/gone-baby-dont-be-long/1440764608?i=1440765076&uo=4";"https://www.deezer.com/track/5645243";"https://open.spotify.com/track/0QQDaKW7eRRoqvbLCylzrn"
"Melanie Pain";"How and why";"Senden daha güzel";"2025";"CAPITANE RECORDS";1764154839;1764155028;;"https://www.deezer.com/track/3593431822";"https://open.spotify.com/track/0ya890nqZREIaR5Cw2bbEI"
"Klim Beats";"Memory image";"Firefly";"2023";"AUTOPRODUCTION";1764155027;1764155155;;;
"Jacques Higelin";"Coup de foudre";"Aujourd'hui la crise";"2010";"EMI";1764155148;1764155398;;"https://www.deezer.com/track/365933931";"https://open.spotify.com/track/7jqlgSPUMrHD4BccEKdr3e"
"Queen";"A day at the races";"Somebody to love";"1976";"UNIVERSAL INTENATIONAL MUSIC";1764155399;1764155693;;"https://www.deezer.com/track/568120932";
"Candi Staton";"Candi staton";"You don't love me no more";"1972";"UNITED ARTISTS";1764155693;1764155829;;"https://www.deezer.com/track/6229018";"https://open.spotify.com/track/5hv9iyUpniCmEY5TuGYepM"
"David McCallum";"Music : A part of me";"We gotta get out of this place";"1966";"CAPITOL CATALOG MKT";1764155830;1764155961;"https://music.apple.com/fr/album/we-gotta-get-out-of-this-place/1595980363?i=1595980917&uo=4";"https://www.deezer.com/track/1566908702";"https://open.spotify.com/track/6QCLPEuW9eILFHt6GoSrlg"
"Hollie Cook";"Shy Girl";"Crying Wolf";"2025";"MR BONGO";1764155959;1764156198;"https://music.apple.com/fr/album/crying-wolf/1823953579?i=1823954112&uo=4";"https://www.deezer.com/track/3439979571";"https://open.spotify.com/track/13MsFKjXQvz7LUxkyC47Wd"
"Vanille";"Un chant d'amour";"Lune d'argent";"2025";"BONBONBON";1764156196;1764156399;"https://music.apple.com/fr/album/lune-dargent/1831305386?i=1831305600&uo=4";"https://www.deezer.com/track/3493211281";"https://open.spotify.com/track/003QE5r4yCHEvFh6pOVea7"
"Jonny Greenwood";"BOF / One Battle After Another";"One battle after another : Baby charlene";"2025";"NONESUCH";1764156397;1764156592;;;
"Peter Von Poehl";"Big issues printed small";"The archaeologist";"2012";"PVP";1764156584;1764156869;;;
"Nick Drake";"Five leaves left";"River man";"1970";"ISLAND";1764156867;1764157124;;"https://www.deezer.com/track/2282995";
"Maria Joao Pires";"Johannes Brahms : Les 3 sonates pour violon et piano";"Sonate n°3 en ré min op 108 : Un poco presto e con sentimento";"1992";"DEUTSCHE GRAMMOPHON";1764157122;1764157299;;;
"Marvin Gaye";"The very best of";"Lucky, Lucky me";"1966";"MOTOWN";1764157300;1764157472;;;
"Say She She";"C'est si bon";"C'est si bon";"2023";"KARMA CHIEF RECORDS";1764157467;1764157701;;"https://www.deezer.com/track/2282143107";"https://open.spotify.com/track/4jtP4U5A8kKyVev2sEn0lt"
"Yussef Dayes";"Duality";"For my ladies";"2019";"GOOD GRIEF INC";1764157697;1764157979;;"https://www.deezer.com/track/1862838837";"https://open.spotify.com/track/1GOiGHZpvVIwIXqmXVwvCy"
"Sababa 5 & Yurika";"Kokoro";"Kokoro";"2024";"BATOV RECORDS";1764157971;1764158225;;;
"Warren Zevon";"Excitable boy";"Werewolves of London";"1978";"ASYLUM";1764158220;1764158416;"https://music.apple.com/fr/album/werewolves-of-london/1048475674?i=1048476311&uo=4";"https://www.deezer.com/track/773638";"https://open.spotify.com/track/6kotXaSQaGYxE62hVpdHWu"
"Burt Bacharach";"Hi-fi party!";"The look of love";"1967";"POLYDOR";1764158400;1764158559;"https://music.apple.com/fr/album/the-look-of-love/1444031258?i=1444032013&uo=4";"https://www.deezer.com/track/3067898";"https://open.spotify.com/track/55eI3nJGwj6arcOkJLJPuV"
"Dionne Warwick";"Compil./Bacharach Burt/The look of love";"Walk on by";"1964";"EMI";1764158557;1764158728;"https://music.apple.com/fr/album/walk-on-by/41688495?i=41688511&uo=4";"https://www.deezer.com/track/723803";"https://open.spotify.com/track/3xsOtNxtBW0oTI1OWKAzTm"
"Soyuz";"Krok";"Nici";"2025";"MR BONGO";1764158722;1764158898;;;
"Baroto";"Blossom";"Blossom";"2024";"RIVAMARE RECORDS";1764158893;1764159064;;"https://www.deezer.com/track/2556300682";
"Jayahadadream";"Redemption songs";"Stubborn";"2024";"JAYAHADADREAM";1764159059;1764159228;;"https://www.deezer.com/track/2847326332";"https://open.spotify.com/track/1ulpa0sIaa5L8epciIFWvC"
"Choses Sauvages";"III";"Chaos initial";"2025";"AUDIOGRAM";1764159226;1764159450;;"https://www.deezer.com/track/3145889491";"https://open.spotify.com/track/6YLJagQu31k9onu0MM86h4"
"John Lennon";"Anthology : The lost week end (CD3)";"Bless you (version alternative)";"1974";"CAPITOL";1764159446;1764159700;;;
"Alberto Baldan Bembo";"The soul of Ali Ben Djamballa";"Kilimangiaro";"1974";"SAAR SRL";1764159699;1764159872;;"https://www.deezer.com/track/2535591041";
"Adriano Celentano";"I want to know";"I want to know";"1976";"CLAN";1764159872;1764160192;;;
"Taggy Matcher";"Push push";"Little things (feat. Birdy Nixon)";"2021";"STIX RECORDS / THE PUSHER DIST.";1764160185;1764160434;;;
"Anaiis";"Devotion & the black divine";"Deus deus";"2025";"5DB";1764160433;1764160676;;"https://www.deezer.com/track/3353742031";"https://open.spotify.com/track/0Qrm0QyIXutGY2nPJxS3tD"
"Sciuridae";"Sciuridae";"Sundara";"2025";"WOODLAND CREATURES";1764160661;1764160804;;"https://www.deezer.com/track/3088413951";"https://open.spotify.com/track/05YKPGlVbQTx4e514wxm2G"
"Sylvia Fels";"Compilation : Psyché France 1960-70 / Vol 5";"Corto Maltese";"1974";"PARLOPHONE";1764160802;1764160990;;"https://www.deezer.com/track/993510372";
"George Duke";"Follow the rainbow";"Straight from the heart";"1979";"EPIC RECORDS";1764160987;1764161217;;"https://www.deezer.com/track/84158661";"https://open.spotify.com/track/0aT1XkfT2XhDzwKoCLuH2N"
"Becca Mancari";"The greatest part";"Stay with me";"2020";"CAPTURED TRACKS";1764161215;1764161494;;"https://www.deezer.com/track/941497052";"https://open.spotify.com/track/3bboL8rXxIZSfZ7q7WxNS3"
"Little Barrie & Malcolm Catto";"Electric war";"Creaky";"2025";"EASY EYE SOUND";1764161492;1764161942;;;
"Dusty Springfield";"BOF / Pulp fiction";"Son of a preacher man";"1969";"UNIVERSAL";1764161941;1764162086;"https://music.apple.com/fr/album/son-of-a-preacher-man/1440717710?i=1440717718&uo=4";"https://www.deezer.com/track/1104538";"https://open.spotify.com/track/6ek9SiEj5a65WIs2EV7qiM"
"Sessa";"Pequena Vertigem de Amor";"Dodói";"2025";"MEXICAN SUMMER";1764162084;1764162260;;"https://www.deezer.com/track/3493841281";"https://open.spotify.com/track/4ar3OwDJFnRK1D1ZtW2cIF"
"Sven Wunder";"Natura morta";"Barocco, ma non troppo";"2021";"PIANO PIANO RECORDS";1764162259;1764162411;;"https://www.deezer.com/track/2149427437";"https://open.spotify.com/track/6sw3DFSYPkpiPsDvBQ5XFa"
"Social Dance";"Rumeurs";"Si peu clair";"2022";"LISBON LUX";1764162410;1764162605;;"https://www.deezer.com/track/2206714207";"https://open.spotify.com/track/4ElEAQjrWQhwqcHslZ3j35"
"Les Rythmes Digitales";"Darkdancer";"Music makes you lose control";"1999";"WALL OF SOUND";1764162605;1764162830;;"https://www.deezer.com/track/3756350";
"El Michels Affair";"24 Hr sports";"Eastside";"2025";"BIG CROWN RECORDS";1764162829;1764163020;;"https://www.deezer.com/track/3382190431";"https://open.spotify.com/track/0ncCvhJp59504oxUasbkVQ"
"J Dilla";"Dillatronic";"Dillatronic 21";"2015";"GREENSTREETS";1764163018;1764163162;"https://music.apple.com/fr/album/dillatronic-21/1783431893?i=1783432340&uo=4";"https://www.deezer.com/track/1915732197";"https://open.spotify.com/track/5DvZac142CRVDgDVnvHOYN"
"Boogie Monsters";"Riders of the storm";"Bronx bombas";"1994";"PENDULUM";1764163161;1764163360;;;
"Tom Tom Club";"Tom Tom Club";"Genius of love";"1981";"ISLAND";1764163358;1764163694;;"https://www.deezer.com/track/7314582";"https://open.spotify.com/track/6UGlSlhwl2MNhsrg5Wepq3"
"Kutiman";"Open";"Believe in you (feat. Dekel)";"2022";"SIYAL MUSIC";1764163693;1764163887;;;
"Orchestre Baroque De Fribourg";"Mozart's Mannheim";"Symphonie n°55 en Ut Maj : 2. Andante non tanto";"2023";"DEUTSCHE GRAMMOPHON (DG)";1764163886;1764164142;;;
"Etta Jones";"So Warm / From the Heart";"If you were mine";"1961";"Fresh Sound";1764164140;1764164301;;"https://www.deezer.com/track/832918742";
"Minnie Riperton";"Tender feelin's";"Light my fire";"1979";"BLUE NOTE";1764164301;1764164594;;"https://www.deezer.com/track/3332224";"https://open.spotify.com/track/5TM03g2eFgjqQ0cCUyujRE"
"Eje Eje";"Primordial soup";"Oyun çorbasi";"2025";"BATOV";1764164594;1764164749;;"https://www.deezer.com/track/3439715021";"https://open.spotify.com/track/6DfpqwbctvNJSuQ3QybhiR"
"Rozi Plain";"What a boost";"Swing shut";"2019";"MEMPHIS INDUSTRIES";1764164745;1764164958;"https://music.apple.com/fr/album/swing-shut/1445669903?i=1445669905&uo=4";"https://www.deezer.com/track/650794532";"https://open.spotify.com/track/4Z68GrEIkpzyAh7DwiTe4y"
"N Nao";"Nouveau langage";"Corps";"2025";"MOTHLAND";1764164956;1764165195;;"https://www.deezer.com/track/3000109981";"https://open.spotify.com/track/7Moq7lYbKKBqykV7xzryS9"
"J M S Khosah";"Apron East Vol.2";"Long game veteran";"2025";"APRON RECORDS";1764165195;1764165430;;"https://www.deezer.com/track/3558150021";"https://open.spotify.com/track/1w5SrbFa1Hk6eNnHQbq21A"
"Janis Joplin";"Pearl";"Get it while you can";"1971";"CBS";1764165400;1764165601;"https://music.apple.com/fr/album/get-it-while-you-can/515270843?i=515270974&uo=4";"https://www.deezer.com/track/726502382";"https://open.spotify.com/track/3dOfHE5J4Qsj1hJ35vnfn4"
"Alain Jean-Marie & Diego Imbert";"Ballads";"Stardust";"2025";"Trebim Music";1764165601;1764165819;;;
"Sandrine Piau";"Sandrine Piau : Evocation";"Nuit d'etoiles L 4";"2007";"NAIVE RECORDS";1764165816;1764165993;;;
"David Bowie";"Hunky dory";"Oh! you pretty things";"1971";"EMI";1764165988;1764166181;;"https://www.deezer.com/track/3644162072";
"The Polyphonic Spree";"Salvage Enterprise";"Section 47 (got down to the soul)";"2023";"GOOD RECORDS RECORDINGS";1764166176;1764166449;"https://music.apple.com/fr/album/section-47-got-down-to-the-soul/1705065928?i=1705066435&uo=4";"https://www.deezer.com/track/2432831375";"https://open.spotify.com/track/3p9lm6SutMb34nSSFwhYFW"
"Yin Yin";"Mount Matsu";"Ascending to Matsu's height";"2024";"GLITTERBEAT";1764166442;1764166593;"https://music.apple.com/fr/album/ascending-to-matsus-height/1715299439?i=1715300328&uo=4";;"https://open.spotify.com/track/3231lZWcie7JHhi8b2YHcO"
"Crayon";"Home Safe";"Exposed (feat. Lossapardo)";"2025";"ERASED TAPES";1764166587;1764166770;;;
"Sade";"Love deluxe";"Feel no pain";"1992";"EPIC";1764166770;1764167076;;"https://www.deezer.com/track/1030607542";"https://open.spotify.com/track/3r0Q8oUYyHjViM43bAUP3D"
"Ry Cooder";"B.O.F. / The end of violence";"The end of violence (end title)";"1997";"OUTPOST RECORDINGS";1764167070;1764167207;;"https://www.deezer.com/track/3433460751";
"Horace Andy";"Reggae going international";"You are my angel";"1974";"KINGSTON SOUNDS";1764167204;1764167374;;"https://www.deezer.com/track/5704937";
"Ben Harper";"Burn to shine";"Show me a little shame";"1999";"VIRGIN";1764167372;1764167593;;"https://www.deezer.com/track/3135129";
"Building Instrument";"Da/Innom";"Da/Innom";"2025";"HUBRO";1764167593;1764167861;"https://music.apple.com/fr/album/da-innom/1792063686?i=1792063688&uo=4";"https://www.deezer.com/track/3220175341";"https://open.spotify.com/track/17H2o0eGFUH0AQdz9Ycyo9"
"Boards Of Canada";"In a beautiful place out in the country";"Zoetrope";"2007";"WARP RECORDS";1764167859;1764168157;;"https://www.deezer.com/track/29393211";
"Bad Bunny";"Debi tirar mas fotos";"Dtmf";"2025";"RIMAS";1764168156;1764168392;;"https://www.deezer.com/track/3171003131";"https://open.spotify.com/track/3sK8wGT43QFpWrvNQsrQya"
"Dolor Et Les Diables Du Rythme";"Disques Debs International / Vol. 1";"Salvana";"";"STRUT RECORDS";1764168393;1764168550;;"https://www.deezer.com/track/501087262";"https://open.spotify.com/track/69X58DCV2axm8brCRPxddP"
"Carrousel";"La vie est un mystère";"Taxi brousse";"1982";"KREOL ART / BABANI RECORDS";1764168549;1764168822;;"https://www.deezer.com/track/2351623845";"https://open.spotify.com/track/68xRWEqq8qcAIFARp8yAf5"
"Talking Heads";"Little creatures";"And she was";"1985";"EMI";1764168817;1764169034;;"https://www.deezer.com/track/2559851502";
"Nirvana";"Incesticide";"Molly's lips";"1992";"GEFF";1764169034;1764169144;;"https://www.deezer.com/track/1550290012";
"Rhiannon Giddens & Justin Robinson";"What did the blackbird say to the crow";"Love somebody";"2025";"NONESUCH";1764169143;1764169259;;;
"Gaelic Storm";"BOF / Titanic";"Titanic : An irish party in third class";"1998";"SONY";1764169249;1764169476;;;
"Sinead O Connor";"Gospel oak";"4 My love";"1997";"EMI";1764169475;1764169718;;;
"Vula Viel";"What's not enough about that ?";"What's not enough about that ?";"2020";"VULA VIEL RECORDS";1764169715;1764169944;;;
"Bob Becker";"Proverb";"Nagoya marimbas / Pour 2 marimbas";"1996";"NONESUCH";1764169945;1764170212;;;
"Luz Casal";"Bof / Talons aiguilles";"Un Ano De Amor";"1992";"Island";1764170211;1764170409;;"https://www.deezer.com/track/14458694";
"Jesse Harris";"If you believed in me";"Whoever said";"2025";"PIAS";1764170408;1764170595;;"https://www.deezer.com/track/3439657781";"https://open.spotify.com/track/1S4rrFvkWYbGxqDs6H4kou"
"Nala Sinephro";"Endlessness";"Continuum 3";"2024";"WARP RECORDS";1764170593;1764170840;;"https://www.deezer.com/track/2854215432";"https://open.spotify.com/track/0AXfx8KBcjY3TlrHmApvNr"
"Asha Puthli";"Asha Puthli";"Truth";"1973";"MR BONGO";1764170835;1764171064;"https://music.apple.com/fr/album/truth/1525352938?i=1525353214&uo=4";"https://www.deezer.com/track/1035483992";"https://open.spotify.com/track/0U5TDdUAKOY136aXPhxn6K"
"Jeanne Moreau";"Le tourbillon";"On dit que je ne suis pas sage";"1965";"PHILIPS";1764171061;1764171266;;"https://www.deezer.com/track/2328499";
"Pino Palladino & Blake Mills";"That wasn't a dream";"I laugh in the mouth of the lion";"2025";"VERVE";1764171265;1764171418;"https://music.apple.com/fr/album/i-laugh-in-the-mouth-of-the-lion/1822623780?i=1822623782&uo=4";;
"Roxy Music";"Avalon";"Avalon";"1982";"EG RECORDS";1764171419;1764171672;;"https://www.deezer.com/track/3364099";"https://open.spotify.com/track/7iWIdiJlKvJ4PjFYVrWLUU"
"Blur";"The ballad of Darren";"Avalon";"2023";"PARLOPHONE";1764171668;1764171850;"https://music.apple.com/fr/album/avalon/1688020024?i=1688021032&uo=4";"https://www.deezer.com/track/2363947115";"https://open.spotify.com/track/04dv9cmB2ZaAC5EgewTKek"
"Arthur Verocai";"Arthur Verocai";"Dedicada a ela";"1972";"UBIQUITY";1764171848;1764172059;"https://music.apple.com/fr/album/dedicada-a-ela/495578530?i=495578537&uo=4";"https://www.deezer.com/track/16090611";"https://open.spotify.com/track/0eVnhQNFTRZXOIhHZNLX85"
"Rosettes";"Lifestyles";"The queen";"2025";"TIMMION RECORDS";1764172055;1764172187;"https://music.apple.com/fr/album/the-queen/1786227709?i=1786228669&uo=4";"https://www.deezer.com/track/3150179761";"https://open.spotify.com/track/1lHhVwJu60zJRefarQsZPj"
"Sebastien Tellier";"Confection (cd promo)";"L'amour naissant";"2013";"RECORD MAKERS";1764172187;1764172419;;"https://www.deezer.com/track/2749366141";"https://open.spotify.com/track/14b3lLua6sc2W4ebjduJlo"
"The Rolling Stones";"Beggars banquet";"Sympathy for the Devil";"1968";"LONDON";1764172419;1764172802;;"https://www.deezer.com/track/9956063";
"Albert King";"Jammed together";"Don't turn your heater down";"1969";"STAX RECORDS";1764172802;1764172996;;;"https://open.spotify.com/track/1eez8GoCSFr5ijxW1ImFGL"
"Samuel Citizen Caine";"Burnin' cab / A day";"Burnin' cab";"1975";"TREMA";1764172992;1764173252;;;
"Ken Boothe";"Messages from Trenchtown";"Peaceful day";"2012";"KINGSTON SOUNDS";1764173247;1764173441;;;
"BIYOUNA";"Blonde dans la casbah";"Merci pout tout (c'que j'n'ai pas)";"";"Naïve";1764173439;1764173642;;;
"Mulatu Astatke";"Mulatu plays Mulatu";"The way to Nice";"2025";"STRUT RECORDS";1764173641;1764173934;;"https://www.deezer.com/track/12316937";"https://open.spotify.com/track/3f0hivdmz0l2Br2fYubsAh"
"Duke Ellington";"The Capitol sessions 1953-1955";"September song";"1962";"CAPITOL";1764173933;1764174103;;"https://www.deezer.com/track/1983141887";
"Nancy Sinatra";"Bof James Bond / 13 original themes";"You only live twice";"1967";"EMI";1764174103;1764174266;;;
"Julie Fuchs";"Yes !";"L'amour masqué : J'ai deux amants (Acte I) Air d'Elle";"2015";"DGG (DEUTSCHE GRAMMOPHON)";1764174266;1764174430;;;
"Rosalia";"Lux";"La yugular";"2025";"COLUMBIA";1764174429;1764174686;;"https://www.deezer.com/track/3640140992";"https://open.spotify.com/track/7JKpS5rKsKWeVPZ0ojBqv9"
"Trond Kallevag";"Minnesota";"Kindness of strangers";"2025";"HUBRO";1764174685;1764174898;;"https://www.deezer.com/track/3492524931";"https://open.spotify.com/track/4SHfddRemhsnVSpu2XKGQc"
"The Devil Makes Three";"Redemption & Ruin";"Chase the feeling";"2016";"NEW WEST RECORDS";1764174894;1764175107;"https://music.apple.com/fr/album/chase-the-feeling/1436939196?i=1436939538&uo=4";"https://www.deezer.com/track/2774606381";"https://open.spotify.com/track/4kOjWpupvVi6Jkc8R82Tom"
"Warhaus";"We fucked a flame into being";"Against the rich";"2016";"PIAS";1764175101;1764175292;;"https://www.deezer.com/track/131130420";"https://open.spotify.com/track/2TCNSdQ1gAzBsfjgeu0lDb"
"Charles Bradley";"Black velvet";"Slip away";"2018";"DAPTONE RECORDS";1764175290;1764175499;;"https://www.deezer.com/track/779454762";"https://open.spotify.com/track/4kGhBxyrpz3C8qyBQTXafJ"
"King Orchestra";"Dj Yoshizawa Dynamite. JP presents : Minyo groove 1963-1979 : Japan meets latin, rock, rare groove & funky vibes";"Dojou sukui";"1971";"180G";1764175496;1764175639;;;
"Jacqueline Taieb";"Femmes de Paris / Vol. 2";"La fac de lettres";"1968";"ANTHOLOGY";1764175637;1764175802;;"https://www.deezer.com/track/940622462";
"Abbey Lincoln";"Abbey is blue";"Long as you're living";"1959";"RIVERSIDE";1764175796;1764175949;;"https://www.deezer.com/track/2124638267";
"Ernestine Anderson";"My kinda swing";"Trouble is a man";"1960";"VERVE";1764175948;1764176145;;"https://www.deezer.com/track/1041383502";"https://open.spotify.com/track/6hSNfmfTCtIhTJ2fhPqNoN"
"Peki Momes";"Peki Momés";"Laleler";"2025";"MOCAMBO RECORDS";1764176144;1764176334;;"https://www.deezer.com/track/3454933531";"https://open.spotify.com/track/5Ims813PKpvGe7pIL6vKXW"
"Sinj Clarke";"The height of love";"Departure";"2023";"INERTIA MUSIC";1764176331;1764176574;"https://music.apple.com/fr/album/departure/1680539148?i=1680540023&uo=4";"https://www.deezer.com/track/2221077517";"https://open.spotify.com/track/3LghK97u16g7SUN976fme8"
"Shing02";"First collection";"Luv (sic)";"2003";"HYDEOUT PRODUCTIONS";1764176570;1764176856;;;
"Moodymann";"Moodymann";"Desire";"2014";"KENNETH DIXON";1764176853;1764177117;;"https://www.deezer.com/track/75411196";"https://open.spotify.com/track/24mkZlzjjE4N7n38pkF3RS"
"Billy Paul";"Ebony Woman";"Traces";"1970";"ASSORTED MUSIC";1764177114;1764177351;"https://music.apple.com/fr/album/traces/278865642?i=278865731&uo=4";"https://www.deezer.com/track/860875";"https://open.spotify.com/track/11IPDDTkYf5hGxKbU0Yh5W"
"Dom Salvador Trio";"Dom Salvador trio";"Promessa";"1967";"IMAGEM";1764177349;1764177495;;;
"Genia Kuhmeier";"Zigeunerlieder / Anton Dvorak : Mélodies et duos";"13 duos moraves op 32 B 60 et 62 : Sipek - pour soprano mezzo-soprano et piano";"2012";"Harmonia Mundi";1764177493;1764177661;;;
"Nilusi";"Lettre à l'univers";"Tereketena";"2024";"GLEAM RECORDS";1764177652;1764177787;"https://music.apple.com/fr/album/tereketena/1762474148?i=1762474155&uo=4";"https://www.deezer.com/track/3046865851";"https://open.spotify.com/track/1GtNJvTStnIRaIeuh8iCDa"
"Natalie Slade";"Molasses";"The Other Side";"2025";"BBE MUSIC";1764177784;1764178000;"https://music.apple.com/fr/album/the-other-side/1789789258?i=1789790254&uo=4";"https://www.deezer.com/track/3179206171";"https://open.spotify.com/track/7bCqiyHisvtVyc4ZLTTtOi"
"Love";"Da Capo";"Orange skies";"1967";"ELEKTRA";1764177999;1764178168;;"https://www.deezer.com/track/755768";
"The Offline";"En clair-obscur";"Milady";"2022";"ROOT RECORDS";1764178167;1764178340;;"https://www.deezer.com/track/1709209017";"https://open.spotify.com/track/4zNgtrlePyLPyySRrasBJw"
"Marina P & The Co-Operators";"Know nothing about";"Bike ride back home";"2025";"ELEPHANTSOUNDZ";1764178337;1764178588;;;
"Tribeqa";"Sumu";"Secteur 22";"2025";"UNDERDOG RECORDS";1764178583;1764178790;"https://music.apple.com/fr/album/secteur-22/1840186870?i=1840187599&uo=4";"https://www.deezer.com/track/3558373041";"https://open.spotify.com/track/5vhTrZjxH5USQ8oYW2kPyY"
"Nainy Diabate";"Wagadu grooves : the hypnotic sound of Camara 1987-2016";"Sankoy djeli";"1996";"HOT MULE RECORDS";1764178783;1764179076;;"https://www.deezer.com/track/3005558101";
"Alison Sheryll";"Night city life II";"You're not alone";"1983";"SPACETALK";1764179075;1764179273;;"https://www.deezer.com/track/3331297251";
"A Vision Of Panorama";"Desires";"Purple (instrumental)";"2024";"";1764179266;1764179464;;;
"Edouard Bielle";"Chérie";"Cherie";"2025";"CRACKI RECORDS";1764179460;1764179659;"https://music.apple.com/fr/album/ch%C3%A9rie/1813915443?i=1813915445&uo=4";"https://www.deezer.com/track/3363531161";"https://open.spotify.com/track/7HxBfle6Oxy9YHtCgb864I"
"Beach House";"Depression cherry";"Space song";"2015";"BELLA UNION";1764179653;1764179970;;"https://www.deezer.com/track/106380372";"https://open.spotify.com/track/1ZgMsA55GIY7ICkQh5MILA"
"Nubu";"Jazz Migration / Vol. 10";"Mo !";"2024";"AJC";1764180165;1764180516;;;
"Michel Godard & Francesco D'Auria";"Amor sospeso";"Sit and wait";"2019";"ABEAT RECORDS";1764180514;1764180686;"https://music.apple.com/fr/album/sit-and-wait/1483614709?i=1483614940&uo=4";;
"Michel Godard & Le Miroir Du Temps";"A Serpent's Dream";"Le gardien des rêves";"2015";"INTUITION RECORDS";1764180685;1764180844;"https://music.apple.com/fr/album/le-gardien-des-r%C3%AAves/1039500956?i=1039501860&uo=4";;
"Octotrip";"Octotrip";"Ballade pour huit vents, simplement";"2019";"MATRISSE PRODUCTIONS";1764180844;1764181029;;;
"Guem";"African fever";"Le serpent";"1978";"WAGRAM";1764181028;1764181341;;"https://www.deezer.com/track/436370112";"https://open.spotify.com/track/7lfsbvVeajfdw3l8Cww7Ls"
"Oscar Brown Jr";"Tells it like it is ! / In a new mood";"The snake";"1962";"COLLECTABLES";1764181340;1764181500;;;
"Mad Man Jones";"Jukebox mambo / Large liam";"Snake charmer";"2012";"JAZZ MAN";1764181501;1764181646;;;"https://open.spotify.com/track/5LUp0GgU8wGNtrOp4swyu8"
"Sun Atlas";"Message from the snakes";"Message from the snakes";"2024";"MOCAMBO RECORDS";1764181642;1764181882;"https://music.apple.com/fr/album/message-from-the-snakes/1730964842?i=1730965015&uo=4";"https://www.deezer.com/track/2662701852";"https://open.spotify.com/track/1dbUO5ECvj8Il6oNn994tQ"
"Nubu";"Sisters";"Joan Hall";"2025";"MACED";1764181845;1764182147;;"https://www.deezer.com/track/3596353802";"https://open.spotify.com/track/5KFhrC1W4rJrpi4tjj8TPk"
"Francois Poitou";"Old folks";"Time in a bottle";"2025";"YOVO MUSIC";1764182146;1764182267;"https://music.apple.com/fr/album/time-in-a-bottle/1804607589?i=1804607593&uo=4";"https://www.deezer.com/track/3295902911";"https://open.spotify.com/track/2l0L5zq8AJkxEuK2uNGoI0"
"Nubu";"Sisters";"Sisters #1";"2025";"MACED";1764182267;1764182423;"https://music.apple.com/fr/album/sisters-1/1845373821?i=1845374050&uo=4";"https://www.deezer.com/track/3596353822";"https://open.spotify.com/track/3zDHVPJHTy8s4Tjt6CSXNj"
"Nubu";"Sisters";"Circuit-court";"2025";"MACED";1764182423;1764182969;"https://music.apple.com/fr/album/circuit-court/1845373821?i=1845374072&uo=4";"https://www.deezer.com/track/3596353852";"https://open.spotify.com/track/5Vc1EUomIZQHvITIKjjCmd"
"Nicolas Godin";"BOF TV / Au service de la France";"Snake Dance";"2018";"BECAUSE";1764182966;1764183097;"https://music.apple.com/fr/album/snake-dance/1390654615?i=1390655472&uo=4";"https://www.deezer.com/track/516228062";"https://open.spotify.com/track/6PIO3Yc9AaBTIVPe7RTH5i"
"Susheela Raman";"Salt rain";"Trust in me";"2002";"NARADA";1764183095;1764183291;;"https://www.deezer.com/track/3152135";
"Alain Bashung";"Fantaisie militaire";"Samuel hall";"1998";"BARCLAY";1764183297;1764183601;"https://music.apple.com/fr/album/samuel-hall/1443816325?i=1443817143&uo=4";"https://www.deezer.com/track/921907";"https://open.spotify.com/track/6LnumIp3AN8fzgafoRBAVJ"
"SEU JORGE";"";"Quem não quer sou ey";"2011";"";1764184163;1764184486;;;
"Jamiroquai";"The return of the space cowboy";"Space cowboy";"1994";"SONY";1764184496;1764184878;;"https://www.deezer.com/track/64607951";"https://open.spotify.com/track/6K53GM9W6Vle5KBwGFVnZM"
"Donald Byrd";"Places and spaces";"Wind Parade";"1975";"BLUE NOTE";1764184874;1764185235;"https://music.apple.com/fr/album/wind-parade/724869220?i=724869503&uo=4";"https://www.deezer.com/track/3443330";"https://open.spotify.com/track/4okz1TH0GeLw3J51pNRDGd"
"Chic";"";"Soup for one";"";"";1764185230;1764185466;"https://music.apple.com/fr/album/soup-for-one/915471176?i=915471206&uo=4";"https://www.deezer.com/track/4086619";"https://open.spotify.com/track/2Rr4ZOnKXUrzjhMPkmkRjK"
"Vulfpeck";"Vollmilch";"Barbara";"2012";"VULF RECORDS";1764185462;1764185711;;"https://www.deezer.com/track/64697656";"https://open.spotify.com/track/45us0AvaxmIEUad3eMADPE"
"Jamiroquai";"Emergency on planet earth";"Hooked up";"1993";"SOHO SQUARE";1764185709;1764185985;;"https://www.deezer.com/track/64608077";"https://open.spotify.com/track/3qwiKTgBoATvWr4cm4K5dU"
"Anderson .Paak";"Ventura";"King James";"2019";"AFTERMATH - 12 TONE MUSIC";1764185984;1764186182;"https://music.apple.com/fr/album/king-james/1456175798?i=1456176188&uo=4";"https://www.deezer.com/track/662430602";"https://open.spotify.com/track/5ri4b7YQp2PWn8tl3MRYgE"
"Bob Marley";"Natty dread";"Them belly full (but we hungry)";"1974";"ISLAND";1764186181;1764186370;;;
"Alan Maralung";"Australie / The Rough Guide to australian aboriginal music";"New song (part 2)";"";"WORLD MUSIC NETWORK";1764186366;1764186485;;;
"Jamiroquai";"The return of the space cowboy";"Journey to arnhemland";"1994";"SONY";1764186480;1764186799;"https://music.apple.com/fr/album/journey-to-arnhemland/600897136?i=600897221&uo=4";"https://www.deezer.com/track/64607949";"https://open.spotify.com/track/0tV3gNXkSicVDTe37mjgNo"
"Dexter Wansel";"Pulp Fusion 15";"Life on Mars?";"1976";"HARMLESS RECORDINGS";1764186779;1764187128;;;
"Roy Ayers";"Lifeline";"Running away";"1977";"POLYDOR";1764187124;1764187359;"https://music.apple.com/fr/album/running-away/1435154912?i=1435155449&uo=4";"https://www.deezer.com/track/62883720";
"Jamiroquai";"Synkronized";"Canned heat";"1999";"SONY";1764187354;1764187684;"https://music.apple.com/fr/album/canned-heat/1583958639?i=1583958646&uo=4";"https://www.deezer.com/track/2310808";"https://open.spotify.com/track/47oS7xB31QQUyPCgHpM3VZ"
"Str4ta";"STR4TASFEAR";"Soothsayer (feat. Theo Croker)";"2022";"BROWNSWOOD RECORDINGS";1764187680;1764187850;"https://music.apple.com/fr/album/soothsayer-feat-theo-croker/1643490004?i=1643490399&uo=4";"https://www.deezer.com/track/1916964907";"https://open.spotify.com/track/4ymXhDTSh24EOG4vhJBwIQ"
"Tyler The Creator";"CHROMAKOPIA";"Take your mask off (feat. Daniel Caesar & LaToiya Williams)";"2024";"COLUMBIA";1764187849;1764188103;;;
"Jamiroquai";"Travelling without moving";"Virtual insanity";"1996";"SONY";1764188098;1764188432;"https://music.apple.com/fr/album/virtual-insanity/1479062290?i=1479062292&uo=4";;
"L'Imperatrice";"L'impératrice EP";"Manège express (instrumental)";"2013";"CRACKI";1764188430;1764188693;;;
"Jose Feliciano";"Feliciano!";"California dreamin";"1968";"RCA";1764188459;1764188708;;;
"Jamiroquai";"A funk odyssey";"Black crow";"2001";"SONY";1764188700;1764188941;"https://music.apple.com/fr/album/black-crow/203132910?i=203133181&uo=4";"https://www.deezer.com/track/15216322";"https://open.spotify.com/track/2ZdOKiTafRudq2AePFs33j"
"Jamiroquai";"Travelling without moving";"Cosmic girl";"1996";"SONY";1764188929;1764189170;;;
"Kool & The Gang";"The very best of";"Ladies night";"1979";"REMARK";1764189164;1764189373;;"https://www.deezer.com/track/541625242";"https://open.spotify.com/track/2uKJxjqcFu2Pr2CEsGGYJa"
"Pleasure";"Joyous";"Joyous";"1977";"BGP RECORDS";1764189360;1764189746;"https://music.apple.com/fr/album/joyous/1443849412?i=1443849524&uo=4";"https://www.deezer.com/track/1386335432";"https://open.spotify.com/track/1PLbAq2vbYJTAP9pbEoGmY"
"Jimi Hendrix";"Are you experienced ?";"Foxy lady";"1967";"POLYDOR";1764189737;1764189936;;"https://www.deezer.com/track/2761918511";
"Jamiroquai";"Dynamite";"Seven days in sunny june";"2005";"SONY";1764189931;1764190169;"https://music.apple.com/fr/album/seven-days-in-sunny-june/659351721?i=659352133&uo=4";"https://www.deezer.com/track/15627642";"https://open.spotify.com/track/2bwxqGKS5GPXfNanAIRe2p"
"Jungle";"Volcano";"Palm Trees";"2023";"CAIOLA RECORDS";1764190165;1764190353;"https://music.apple.com/fr/album/palm-trees/1676151993?i=1676152685&uo=4";"https://www.deezer.com/track/2181330427";"https://open.spotify.com/track/4yk9sAWpraADzST2Uh6VPm"
"Daft Punk";"Discovery";"Voyager";"2001";"LABELS";1764190335;1764190557;;;"https://open.spotify.com/track/7cMFjxhbXBpOlais7KMF3j"
"Jamiroquai";"Dynamite";"Dynamite";"2005";"SONY";1764190553;1764190848;"https://music.apple.com/fr/album/dynamite/659351721?i=659352129&uo=4";"https://www.deezer.com/track/15627641";"https://open.spotify.com/track/4LkJXlCD9AYjScPywhUjZs"
"Air";"Blue Moon Safari (Vegyn Version)";"Kelly Watch the Stars (Vegyn Version)";"2025";"PARLOPHONE";1764190803;1764191012;;;
"Stevie Wonder";"Innervisions";"Too high";"1973";"MOTOWN";1764190822;1764191098;;"https://www.deezer.com/track/2319293";"https://open.spotify.com/track/60TB2Ifv7CCjjyROXXnChC"
"Boy Scouts";"Wayfinder";"A Lot to Ask";"2021";"ANTI EPITAPH";1764191009;1764192111;;;
"Guru";"The new reality hosted by guru / Jazzmatazz volume 2";"Lost souls (feat. Jamiroquai)";"1995";"CHRYSALIS";1764191073;1764191324;;;
"Elvis Presley";"The collection / Vol.1";"Love me tender";"1956";"BMG";1764191163;1764192270;;"https://www.deezer.com/track/7675088";
"The Brand New Heavies";"The brand new heavies (1990)";"Bnh";"1988";"DELICIOUS";1764191318;1764191668;;"https://www.deezer.com/track/131764840";
"J";"Little lock";"Slipping fingers through curls";"2025";"";1764191323;1764192483;;;"https://open.spotify.com/track/1vJsW1pki4Mef163VnzMy4"
"Jamiroquai";"Emergency on planet earth";"Too young to die";"1993";"SONY";1764191398;1764191761;;"https://www.deezer.com/track/64608076";"https://open.spotify.com/track/3toXFhdNpH0Cs5vQkTrHQ3"
"Magma";"Everything above the sky (Astral Travelling with Luke Una)";"Eliphas levi";"1984";"RE WARM";1764191527;1764193131;;;
"Moonchild";"Starfruit";"Don't hurry home";"2022";"TRU THOUGHTS";1764192184;1764192387;;"https://www.deezer.com/track/1534274442";"https://open.spotify.com/track/12XOMISfIfE4O4pkX7ljyn"
"Joao Selva";"Onda";"Quero voce";"2025";"UNDERDOG";1764192385;1764192642;"https://music.apple.com/fr/album/quero-voc%C3%AA/1786413587?i=1786414072&uo=4";"https://www.deezer.com/track/2981168391";"https://open.spotify.com/track/7t5m8LSGwYjVnHmrCBVQC9"
"Louis Chedid";"Bravo à Louis chedid";"Le cha-cha de l'insécurité";"1983";"CBS";1764192640;1764193854;;;
"Koji Ono";"Incognito EP";"Momoshima";"2018";"CHUWANAGA";1764192904;1764193275;"https://music.apple.com/fr/album/momoshima/1343786279?i=1343787485&uo=4";"https://www.deezer.com/track/512998242";"https://open.spotify.com/track/7teKQkck20MEzNgd3lzkoM"
"Moonchild";"Starfruit";"Don't hurry home";"2022";"TRU THOUGHTS";1764193129;1764193331;;"https://www.deezer.com/track/1534274442";"https://open.spotify.com/track/12XOMISfIfE4O4pkX7ljyn"
"Sombr";"Back to friends";"Back to friends";"2025";"WEA INTERNATIONAL";1764193300;1764194443;;"https://www.deezer.com/track/3151351511";"https://open.spotify.com/track/7qjZnBKE73H4Oxkopwulqe"
"Joao Selva";"Onda";"Quero voce";"2025";"UNDERDOG";1764193332;1764193589;"https://music.apple.com/fr/album/quero-voc%C3%AA/1786413587?i=1786414072&uo=4";"https://www.deezer.com/track/2981168391";"https://open.spotify.com/track/7t5m8LSGwYjVnHmrCBVQC9"
"Gwen McCrae";"The best of Gwen Mac Grae";"90% of me is you";"1974";"SEQUEL RECORDS";1764193495;1764193668;;"https://www.deezer.com/track/3138003";"https://open.spotify.com/track/2VjCG66lTrzYvOBmsKm5pU"
"Inna De Yard";"Skylarking";"Skylarking (feat. Horace Andy)";"2020";"CHAPTER TWO RECORDS";1764193666;1764193894;;;
"Khruangbin";"Hasta el cielo";"Sisters & brothers";"2019";"NIGHT TIME STORIES";1764193891;1764194132;;"https://www.deezer.com/track/2950342831";"https://open.spotify.com/track/3yCd3LB7VCvk4lmg73k7ej"
"Paper Tapes";"Child";"No answer";"2023";"GEOGRAPHIE";1764194133;1764194332;;"https://www.deezer.com/track/2492286111";"https://open.spotify.com/track/7BZJyuIiIFkdaXmS6AqECD"
"Feu! Chatterton";"Allons voir";"Allons voir";"2025";"VIRGIN";1764194327;1764194555;;"https://www.deezer.com/track/3391397361";"https://open.spotify.com/track/7jDBI4HB9zYxySDAbN54iW"
"Gwen McCrae";"The best of Gwen Mac Grae";"90% of me is you";"1974";"SEQUEL RECORDS";1764194440;1764194613;;"https://www.deezer.com/track/3138003";"https://open.spotify.com/track/2VjCG66lTrzYvOBmsKm5pU"
"Liam Bailey";"Zero grace";"Dumb";"2024";"BIG CROWN RECORDS";1764194553;1764195628;;"https://www.deezer.com/track/2525488931";"https://open.spotify.com/track/4ikgRzLb5rQP0YbhXpEshb"
"Inna De Yard";"Skylarking";"Skylarking (feat. Horace Andy)";"2020";"CHAPTER TWO RECORDS";1764194611;1764194839;;;
"Itzhak Ventura";"Ein-sof";"Zeybek";"2024";"RAW TAPES RECORDS";1764194683;1764195924;;"https://www.deezer.com/track/2635785392";"https://open.spotify.com/track/4yku3FLTYhd3Az6O2ci05g"
"Khruangbin";"Hasta el cielo";"Sisters & brothers";"2019";"NIGHT TIME STORIES";1764194836;1764195077;;"https://www.deezer.com/track/2950342831";"https://open.spotify.com/track/3yCd3LB7VCvk4lmg73k7ej"
"The Bee Gees";"Bee Gees' 1st";"Holiday";"1967";"RSO";1764194980;1764196102;;;
"Paper Tapes";"Child";"No answer";"2023";"GEOGRAPHIE";1764195077;1764195277;;"https://www.deezer.com/track/2492286111";"https://open.spotify.com/track/7BZJyuIiIFkdaXmS6AqECD"
"Will Samson";"Active Imagination";"Echo Spring";"2022";"HUMAN CHORUS";1764195151;1764196342;;"https://www.deezer.com/track/1655586472";"https://open.spotify.com/track/3FxCZHeA04VUD3cIUGGxHu"
"Feu! Chatterton";"Allons voir";"Allons voir";"2025";"VIRGIN";1764195272;1764195500;;"https://www.deezer.com/track/3391397361";"https://open.spotify.com/track/7jDBI4HB9zYxySDAbN54iW"
"Soyuz";"Krok";"Krok";"2025";"MR BONGO";1764195395;1764195572;;;
"Michael Kiwanuka";"Lowdown";"Lowdown (part 2)";"2024";"POLYDOR";1764195573;1764195729;;;
"Stro Elliott & James Brown";"Black & loud : James Brown reimagined";"The goodest foot";"2022";"UNIVERSAL";1764195728;1764195915;;;
"The Blind Boys Of Alabama";"Echoes of the South";"The last time";"2023";"SINGLE LOCK RECORDS";1764195908;1764196142;;"https://www.deezer.com/track/2559624772";"https://open.spotify.com/track/5bDQFhEz3Us3LDHYHC1mE0"
"Reverend Gary Davis";"The guitar and banjo of reverend Gary Davis";"Devil's dream";"1964";"PRESTIGE";1764196139;1764196366;;"https://www.deezer.com/track/1006266672";
"Soyuz";"Krok";"Krok";"2025";"MR BONGO";1764196340;1764196517;;;
"Owen Pallett";"Has a good home (deluxe edition)";"Took you two years to win my heart";"2023";"DOMINO RECORDING CO";1764196365;1764197548;;"https://www.deezer.com/track/931948702";"https://open.spotify.com/track/4XWQOKFRnzNWl90EhLNGy6"
"Michael Kiwanuka";"Lowdown";"Lowdown (part 2)";"2024";"POLYDOR";1764196518;1764196673;;;
"Lo'Jo";"Transe de papier";"Transe de papier";"2020";"YOTANKA";1764196601;1764196801;;"https://www.deezer.com/track/2028099257";"https://open.spotify.com/track/2kccCq48lJFBgNDogIIyZM"
"Stro Elliott & James Brown";"Black & loud : James Brown reimagined";"The goodest foot";"2022";"UNIVERSAL";1764196672;1764196859;;;
"Orchestre National Royal D'Ecosse";"Retour vers le futur : Trilogie";"Retour vers le futur 3 : Main title";"1999";"VARESE SARABANDE";1764196812;1764197940;;;
"The Blind Boys Of Alabama";"Echoes of the South";"The last time";"2023";"SINGLE LOCK RECORDS";1764196852;1764197086;;"https://www.deezer.com/track/2559624772";"https://open.spotify.com/track/5bDQFhEz3Us3LDHYHC1mE0"
"Mac Fly & The Starlighters Marty";"Bof/Back to the future";"Johnny B. Goode";"1985";"MCA RECORDS";1764196994;1764197177;;;
"Reverend Gary Davis";"The guitar and banjo of reverend Gary Davis";"Devil's dream";"1964";"PRESTIGE";1764197083;1764197309;;"https://www.deezer.com/track/1006266672";
"Gaspard Royant";"10 hits wonder";"Marty McFly";"2013";"SARDANAPALE";1764197175;1764197297;;"https://www.deezer.com/track/72416855";
"Ben Ricour";"Dans le futur (ep)";"Dans le futur";"2011";"";1764197295;1764197443;;"https://www.deezer.com/track/10310342";"https://open.spotify.com/track/2EEygjsLQx3HY0ReA6S2qW"
"Blundetto & Juliette Magnevasoa";"La playa";"La playa (Instrumental)";"2024";"Les Rythmes Ruban";1764197449;1764197638;"https://music.apple.com/fr/album/la-playa-instrumental/1764548458?i=1764548471&uo=4";;
"Joao Gilberto";"O amor o sorriso e a flor (Love, a smile and a flower)";"Corcovado";"1959";"CHERRY RED RECORDS";1764197635;1764197750;;"https://www.deezer.com/track/73008887";
"Jesse Harris";"If you believed in me";"Dolores";"2025";"PIAS";1764197747;1764197937;"https://music.apple.com/fr/album/dolores/1823242089?i=1823242101&uo=4";"https://www.deezer.com/track/3439657731";"https://open.spotify.com/track/2F5vBG6Md9NmzMpMwsDbTH"
"Farhot";"Kabul fire (vol. 2)";"Yak sher";"2021";"KABUL FIRE RECORDS";1764197934;1764198139;;"https://www.deezer.com/track/1913673907";"https://open.spotify.com/track/33sVaipoLkwfmS0FBPzgrc"
"Gaspard Royant";"10 hits wonder";"Marty McFly";"2013";"SARDANAPALE";1764198119;1764198241;;"https://www.deezer.com/track/72416855";
"War";"Anthology 1970-1994";"Low rider";"1975";"UNITED ARTISTES RECORDS";1764198145;1764199276;;"https://www.deezer.com/track/143042822";"https://open.spotify.com/track/7Bz8yww6UMbTgTVLG6zbI4"
"Ben Ricour";"Dans le futur (ep)";"Dans le futur";"2011";"";1764198239;1764198387;;"https://www.deezer.com/track/10310342";"https://open.spotify.com/track/2EEygjsLQx3HY0ReA6S2qW"
"Papooz";"Wasted time (feat. Zé Ibarra)";"Wasted time (feat. Zé Ibarra)";"2025";"HALF AWAKE RECORDS";1764198330;1764199497;;;
"Blundetto & Juliette Magnevasoa";"La playa";"La playa (Instrumental)";"2024";"Les Rythmes Ruban";1764198392;1764198581;"https://music.apple.com/fr/album/la-playa-instrumental/1764548458?i=1764548471&uo=4";;
"Ian Dury";"Mr love pants";"Mash it up Harry";"1997";"ARCADE";1764198552;1764199776;;"https://www.deezer.com/track/3218341511";
"Joao Gilberto";"O amor o sorriso e a flor (Love, a smile and a flower)";"Corcovado";"1959";"CHERRY RED RECORDS";1764198579;1764198694;;"https://www.deezer.com/track/73008887";
"Jesse Harris";"If you believed in me";"Dolores";"2025";"PIAS";1764198691;1764198881;"https://music.apple.com/fr/album/dolores/1823242089?i=1823242101&uo=4";"https://www.deezer.com/track/3439657731";"https://open.spotify.com/track/2F5vBG6Md9NmzMpMwsDbTH"
"Cool Hipnoise";"Select cuts showcase and more";"Come as you are (dub version)";"2003";"SELECT CUTS";1764198833;1764200004;;;
"Farhot";"Kabul fire (vol. 2)";"Yak sher";"2021";"KABUL FIRE RECORDS";1764198878;1764199083;;"https://www.deezer.com/track/1913673907";"https://open.spotify.com/track/33sVaipoLkwfmS0FBPzgrc"
"Nirvana";"Nevermind";"Polly";"1991";"GEFFEN";1764199053;1764199226;;"https://www.deezer.com/track/13791935";"https://open.spotify.com/track/2SJ38LDlkNjwWSUq98r4Q5"
"Alfa Mist";"Variables";"Aged eyes (feat. Kaya Thomas-Dyke)";"2023";"ANTI RECORDS / PIAS";1764199223;1764199470;;;
"Anne Sophie Bertrand";"Anne-Sophie Bertrand interprète Albeniz Fauré et autres compositeurs";"Prélude en mi min op 35 n°1 - arrangement pour harpe";"2010";"KATZENBERGER";1764199469;1764199636;;;
"Flore Benguigui & The Sensible Notes";"More Understanding Than a Man";"More Understanding Than a Man";"2025";"DECCA RECORDS";1764199625;1764199854;;"https://www.deezer.com/track/3595384222";"https://open.spotify.com/track/4zTNJvl3O4u8H2kONGFjyy"
"Peggy Lee";"I like men! / Sugar 'N' spice";"Oh johnny, oh Johnny, oh!";"1959";"EMI";1764199853;1764200900;;;
"Johnny Cash";"The legend of Johnny Cash";"Ring of fire";"1963";"EPIC";1764199955;1764201053;"https://music.apple.com/fr/album/ring-of-fire/251001680?i=251002253&uo=4";"https://www.deezer.com/track/856630";"https://open.spotify.com/track/6YffUZJ2R06kyxyK6onezL"
"Nirvana";"Nevermind";"Polly";"1991";"GEFFEN";1764199997;1764200169;;"https://www.deezer.com/track/13791935";"https://open.spotify.com/track/2SJ38LDlkNjwWSUq98r4Q5"
"Baptiste W Hamon";"Country";"Fièvre honky tonk";"2024";"MANASSAS";1764200107;1764200271;;;
"Alfa Mist";"Variables";"Aged eyes (feat. Kaya Thomas-Dyke)";"2023";"ANTI RECORDS / PIAS";1764200166;1764200413;;;
"D'Angelo";"Voodoo";"Spanish joint";"2000";"EMI";1764200283;1764201571;"https://music.apple.com/fr/album/spanish-joint/1440841365?i=1440841910&uo=4";"https://www.deezer.com/track/139102919";"https://open.spotify.com/track/4euxFlxLWVGmZZLyYARTyE"
"Anne Sophie Bertrand";"Anne-Sophie Bertrand interprète Albeniz Fauré et autres compositeurs";"Prélude en mi min op 35 n°1 - arrangement pour harpe";"2010";"KATZENBERGER";1764200412;1764200580;;;
"Flore Benguigui & The Sensible Notes";"More Understanding Than a Man";"More Understanding Than a Man";"2025";"DECCA RECORDS";1764200569;1764200797;;"https://www.deezer.com/track/3595384222";"https://open.spotify.com/track/4zTNJvl3O4u8H2kONGFjyy"
"Little Feat";"Feats don't fail me now";"Spanish moon";"1974";"WARNER BROS";1764200625;1764201749;;"https://www.deezer.com/track/6629194";"https://open.spotify.com/track/24eRthJ3VWBI7B9cuFBdMG"
"Boozoo Bajou";"Finistère";"No catch";"2023";"PILOTTON";1764200796;1764200954;;"https://www.deezer.com/track/2493089561";"https://open.spotify.com/track/2C62LeNAatXFNCsKJzIakM"
"Alice Lewis";"No one knows we're here";"To the Magical Mountain";"2010";"NAIVE";1764200950;1764201131;;"https://www.deezer.com/track/75811457";
"Pat Benatar";"The very best";"Wuthering heights";"1980";"EMI";1764201132;1764201397;;"https://www.deezer.com/track/3312989";"https://open.spotify.com/track/5qEzneq8mLbYur4YWvNHpw"
"Creedence Clearwater Revival";"Willy and the poor boys";"Side O' the road";"1969";"FANTASY";1764201387;1764201587;;"https://www.deezer.com/track/96466144";"https://open.spotify.com/track/3EwDRtUKlGi4B6OBnyVA6Q"
"The Marcus King Band";"Darling blue";"Carolina honey";"2025";"AMERICAN RECORDINGS";1764201581;1764201828;;;"https://open.spotify.com/track/6bnsAQSbkcGO8K3PJq8oCw"
"Boozoo Bajou";"Finistère";"No catch";"2023";"PILOTTON";1764201739;1764201897;;"https://www.deezer.com/track/2493089561";"https://open.spotify.com/track/2C62LeNAatXFNCsKJzIakM"
"Joao Selva";"Onda remix";"Fantastica Bahia (Bosq Remix)";"2025";"UNDERDOG RECORDS";1764201824;1764202085;"https://music.apple.com/fr/album/fantastica-bahia-bosq-remix/1827520878?i=1827521332&uo=4";"https://www.deezer.com/track/3395486871";
"Alice Lewis";"No one knows we're here";"To the Magical Mountain";"2010";"NAIVE";1764201893;1764202074;;"https://www.deezer.com/track/75811457";
"Pat Benatar";"The very best";"Wuthering heights";"1980";"EMI";1764202076;1764202341;;"https://www.deezer.com/track/3312989";"https://open.spotify.com/track/5qEzneq8mLbYur4YWvNHpw"
"Trio Valore";"Return of the iron monkey";"Rehab";"2008";"LA BALEINE";1764202089;1764203223;;"https://www.deezer.com/track/3417902051";"https://open.spotify.com/track/1h8E0UPRddmKyFZoso9vNn"
"Amy Winehouse";"Frank / CD (Bonus - Live)";"Moody's mood for love";"2008";"ISLAND";1764202275;1764203425;;;
"Creedence Clearwater Revival";"Willy and the poor boys";"Side O' the road";"1969";"FANTASY";1764202330;1764202530;;"https://www.deezer.com/track/96466144";"https://open.spotify.com/track/3EwDRtUKlGi4B6OBnyVA6Q"
"Vanille";"Un chant d'amour";"Un chant d'amour";"2025";"BONBONBON";1764202479;1764202699;;"https://www.deezer.com/track/3521173511";"https://open.spotify.com/track/6XXXAPyLiCw09y4SBJFpTU"
"The Marcus King Band";"Darling blue";"Carolina honey";"2025";"AMERICAN RECORDINGS";1764202524;1764202767;;;"https://open.spotify.com/track/6bnsAQSbkcGO8K3PJq8oCw"
"Menahan Street Band";"The exciting sounds of Menahan Street Band";"Rising dawn";"2021";"DAPTONE RECORDS";1764202701;1764202836;;"https://www.deezer.com/track/1129860462";"https://open.spotify.com/track/1hxLI2IXD93z5vGkcRIW2M"
"Count Basie";"Complete Clef / Verve fifties studio recordings / volume 7 & 8";"Singin' In the rain";"1956";"VERVE";1764202829;1764202974;;"https://www.deezer.com/track/513643782";"https://open.spotify.com/track/4F5JOEGX5ddwdM1prirK0m"
"Caravan Palace";"Panic";"Rock it for me";"2011";"CAFE DE LA DANSE";1764202973;1764203162;;"https://www.deezer.com/track/16565390";
"Emancipator";"Mountain of memory Remixes";"Pollo sneeps (Cloudchord remix)";"2020";"LOCI RECORDS";1764203153;1764203376;;"https://www.deezer.com/track/2068961037";
"My Morning Jacket";"is";"I can hear your love";"2025";"ATO RECORDS";1764203375;1764203558;;"https://www.deezer.com/track/3124427901";"https://open.spotify.com/track/6irjehaRKilu5g6XmbWF6J"
"Vanille";"Un chant d'amour";"Un chant d'amour";"2025";"BONBONBON";1764203421;1764203642;;"https://www.deezer.com/track/3521173511";"https://open.spotify.com/track/6XXXAPyLiCw09y4SBJFpTU"
"Paul McCartney";"McCartney";"Every night";"1970";"PARLOPHONE";1764203555;1764204647;;;
"Menahan Street Band";"The exciting sounds of Menahan Street Band";"Rising dawn";"2021";"DAPTONE RECORDS";1764203644;1764203779;;"https://www.deezer.com/track/1129860462";"https://open.spotify.com/track/1hxLI2IXD93z5vGkcRIW2M"
"Jessie Hill";"The who beginnings / Maximum R&B";"Ooh poo pah doo";"1960";"RNB RECORS";1764203700;1764203836;;"https://www.deezer.com/track/14026220";
"Count Basie";"Complete Clef / Verve fifties studio recordings / volume 7 & 8";"Singin' In the rain";"1956";"VERVE";1764203772;1764203917;;"https://www.deezer.com/track/513643782";"https://open.spotify.com/track/4F5JOEGX5ddwdM1prirK0m"
"Kepa";"Hotline service";"Bronzette bliss";"2025";"HEAVENLY SWEETNESS";1764203860;1764204918;;"https://www.deezer.com/track/3388424581";"https://open.spotify.com/track/5tMNQvHRYRQkD9hcuWfcSL"
"Caravan Palace";"Panic";"Rock it for me";"2011";"CAFE DE LA DANSE";1764203916;1764204104;;"https://www.deezer.com/track/16565390";
"Terrain Vague";"TV1";"Drops";"2025";"LISBON LUX RECORDS";1764203969;1764204141;;"https://www.deezer.com/track/3475013741";"https://open.spotify.com/track/4U51monVTuTNugA4gBg6tm"
"Emancipator";"Mountain of memory Remixes";"Pollo sneeps (Cloudchord remix)";"2020";"LOCI RECORDS";1764204095;1764204319;;"https://www.deezer.com/track/2068961037";
"Time 5";"King Jazz RE : Generation / Vol. 2";"Call Me";"2024";"180G";1764204138;1764205215;;;
"Pinky & Killers";"Dj Yoshizawa Dynamite. JP presents : Minyo groove 1963-1979 : Japan meets latin, rock, rare groove & funky vibes";"Otemoyan";"2025";"180G";1764204270;1764204400;;;
"My Morning Jacket";"is";"I can hear your love";"2025";"ATO RECORDS";1764204317;1764204503;;"https://www.deezer.com/track/3124427901";"https://open.spotify.com/track/6irjehaRKilu5g6XmbWF6J"
"Yo-Yo Ma";"Yo-Yo Ma : 30 years outside the box / CD 14";"Matsushima-Ondo";"2009";"SONY CLASSICAL";1764204403;1764204580;;;
"Nico Fidenco";"NICO FIDENCO";"La scala di seta";"1963";"RCA";1764204576;1764204721;;"https://www.deezer.com/track/2545118301";
"Catherine Sauvage";"Catherine sauvage chante Serge Gainsbourg et Frederic botton";"Baudelaire";"1999";"RYM MUSIQUE";1764204715;1764204840;;"https://www.deezer.com/track/73182191";
"The Kinks";"Something else by the Kinks";"No return";"1966";"SANCTUARY RE";1764204839;1764204958;;"https://www.deezer.com/track/1896829297";
"Rolf Kuhn";"The In-Kraut Vol. 3 / Hip shaking grooves made in germany : 1967-1974";"Playmate";"2008";"MARINA RECORDINGS";1764204964;1764205113;;;"https://open.spotify.com/track/0SYVyhUxlpdK4i4wGH5Ldw"
"Elis Regina";"Little pepper - The definitive collection";"O mestre sala dos mares";"1974";"UNIVERSAL";1764205109;1764205295;;"https://www.deezer.com/track/472813812";"https://open.spotify.com/track/7yFoEauNPqhwBcr63JK4YM"
"Pinky & Killers";"Dj Yoshizawa Dynamite. JP presents : Minyo groove 1963-1979 : Japan meets latin, rock, rare groove & funky vibes";"Otemoyan";"2025";"180G";1764205214;1764205342;;;
"Turnstile";"New heart designs";"Alien love call";"2023";"ROADRUNNER RECORDS";1764205291;1764206455;;"https://www.deezer.com/track/2386534645";"https://open.spotify.com/track/5D7AFGloFpXtdT2PiKTEC3"
"Yo-Yo Ma";"Yo-Yo Ma : 30 years outside the box / CD 14";"Matsushima-Ondo";"2009";"SONY CLASSICAL";1764205346;1764205522;;;
"Mae Powell";"Making room for the light";"Tangerine";"2025";"KARMA CHIEF RECORDS";1764205511;1764206635;;"https://www.deezer.com/track/3349993081";"https://open.spotify.com/track/6mgODc4qDM8RwlPUSST1P3"
"Nico Fidenco";"NICO FIDENCO";"La scala di seta";"1963";"RCA";1764205518;1764205663;;"https://www.deezer.com/track/2545118301";
"Catherine Sauvage";"Catherine sauvage chante Serge Gainsbourg et Frederic botton";"Baudelaire";"1999";"RYM MUSIQUE";1764205659;1764205782;;"https://www.deezer.com/track/73182191";
"Ahmed Malek";"Musiques de films en Algérie";"Lila";"1978";"ARTISTES ARABES ASSOCIES";1764205694;1764206836;;;
"The Kinks";"Something else by the Kinks";"No return";"1966";"SANCTUARY RE";1764205781;1764205902;;"https://www.deezer.com/track/1896829297";
"Kourosh Yaghamaei";"Where are you from";"Gole yakh";"2011";"NOW AGAIN";1764205891;1764207136;;;
"Rolf Kuhn";"The In-Kraut Vol. 3 / Hip shaking grooves made in germany : 1967-1974";"Playmate";"2008";"MARINA RECORDINGS";1764205906;1764206055;;;"https://open.spotify.com/track/0SYVyhUxlpdK4i4wGH5Ldw"
"Elis Regina";"Little pepper - The definitive collection";"O mestre sala dos mares";"1974";"UNIVERSAL";1764206051;1764206236;;"https://www.deezer.com/track/472813812";"https://open.spotify.com/track/7yFoEauNPqhwBcr63JK4YM"
"Jay-Jay Johanson";"Backstage";"Glue";"2025";"LICENCE KURONEKO - 29 MUSIC";1764206190;1764206437;;"https://www.deezer.com/track/3299711371";"https://open.spotify.com/track/3vyWd7lZeCrStfOISb0Ff3"
"Tricky";"Maxinquaye";"Hell is round the corner";"1995";"ISLAND";1764206423;1764206649;;"https://www.deezer.com/track/2163151";"https://open.spotify.com/track/2wC0qK8JN6gblb0ZJzE2d9"
"Claude Bolling";"BOF / Lucky Luke";"Lucky Luke : Duel";"1971";"UNITED ARTISTS";1764206641;1764206812;;;
"Tabac Carton";"Tabac carton";"Si";"2024";"ARTIFICE";1764206807;1764206984;;"https://www.deezer.com/track/2790793622";"https://open.spotify.com/track/7kYXijtkxUNrqEOpO5ALP7"
"Goya Gumbani";"Warlord of the weejuns";"Chase the sunrise (feat. Yaya Bey, lojii, Fatima)";"2025";"GHOSTLY INTERNATIONAL";1764206983;1764207285;;;
"Jay-Jay Johanson";"Backstage";"Glue";"2025";"LICENCE KURONEKO - 29 MUSIC";1764207132;1764207379;;"https://www.deezer.com/track/3299711371";"https://open.spotify.com/track/3vyWd7lZeCrStfOISb0Ff3"
"Soul Revivers";"On the grove";"Down river";"2022";"ACID JAZZ UK";1764207323;1764207569;;"https://www.deezer.com/track/1620102092";"https://open.spotify.com/track/4S76aYPrVLVC9VSwOqaINv"
"Tricky";"Maxinquaye";"Hell is round the corner";"1995";"ISLAND";1764207364;1764207590;;"https://www.deezer.com/track/2163151";"https://open.spotify.com/track/2wC0qK8JN6gblb0ZJzE2d9"
"Sunshine Makers";"The Sun Still Shines";"Summertime";"2025";"LOVETOWN RECORDS";1764207568;1764208707;;"https://www.deezer.com/track/3307751621";"https://open.spotify.com/track/4Vl65Sq1JVjTfWozzmwucz"
"Claude Bolling";"BOF / Lucky Luke";"Lucky Luke : Duel";"1971";"UNITED ARTISTS";1764207582;1764207753;;;
"Tabac Carton";"Tabac carton";"Si";"2024";"ARTIFICE";1764207749;1764207925;;"https://www.deezer.com/track/2790793622";"https://open.spotify.com/track/7kYXijtkxUNrqEOpO5ALP7"
"Maria Somerville";"Luster";"Projections";"2025";"4AD";1764207761;1764208923;;"https://www.deezer.com/track/3308480461";"https://open.spotify.com/track/2Fn5YffUIHD3X7t6GmlNnU"
"Goya Gumbani";"Warlord of the weejuns";"Chase the sunrise (feat. Yaya Bey, lojii, Fatima)";"2025";"GHOSTLY INTERNATIONAL";1764207925;1764208227;;;
"Ash Walker";"Echo chamber";"Afghanistan (original mix)";"2016";"DEEP HEADS";1764207980;1764208219;;;
"Akiko Yano";"Ai ga nakucha ne";"Another wedding song";"1982";"WE WANT SOUNDS";1764208220;1764208378;;"https://www.deezer.com/track/2896010021";"https://open.spotify.com/track/5tHYU2zy8Asnwo1NBgTYap"
"Common Saints";"Cinema 3000";"Dream on";"2024";"STARSONICS";1764208370;1764208623;;"https://www.deezer.com/track/3507815151";"https://open.spotify.com/track/5V9CnWuCZIp2MqnX9l8gdr"
"Crayon";"Home Safe";"Home Safe (feat. Yamê & Tora)";"2025";"ERASED TAPES";1764208619;1764208739;;;
"Marcel Zanini";"Tu veux ou tu veux pas ?";"Quitte-moi";"2007";"FREMEAUX & ASSOCIES";1764208738;1764208983;;"https://www.deezer.com/track/137047044";"https://open.spotify.com/track/79fC1CRDjo2eZNDdUHJnev"
"Ash Walker";"Echo chamber";"Afghanistan (original mix)";"2016";"DEEP HEADS";1764208921;1764209160;;;
"Astrud Gilberto";"Astrud Gilberto with Stanley Turrentine";"Ponteio";"1971";"EPIC";1764208989;1764210160;;;
"Akiko Yano";"Ai ga nakucha ne";"Another wedding song";"1982";"WE WANT SOUNDS";1764209161;1764209319;;"https://www.deezer.com/track/2896010021";"https://open.spotify.com/track/5tHYU2zy8Asnwo1NBgTYap"
"Michael Franks";"One Bad Habit";"All dressed up with nowhere to go";"1980";"WARNER BROS";1764209212;1764210377;;"https://www.deezer.com/track/14954661";"https://open.spotify.com/track/1qn6m93lFLibAy28FChnQo"
"Common Saints";"Cinema 3000";"Dream on";"2024";"STARSONICS";1764209311;1764209564;;"https://www.deezer.com/track/3507815151";"https://open.spotify.com/track/5V9CnWuCZIp2MqnX9l8gdr"
"Joviale";"Mount crystal";"Blu";"2025";"GHOSTLY INTERNATIONAL";1764209425;1764210556;"https://music.apple.com/fr/album/blu/1814907883?i=1814908030&uo=4";"https://www.deezer.com/track/3371000301";"https://open.spotify.com/track/7p4XQTjHv9uSXUxQnPmPSV"
"Crayon";"Home Safe";"Home Safe (feat. Yamê & Tora)";"2025";"ERASED TAPES";1764209560;1764209681;;;
"Yvon Rioland & Marc Goldfeder";"Amplitude - The hidden sounds of French library";"Tension";"1984";"FARFALLA RECORDS";1764209614;1764210735;;;
"Marcel Zanini";"Tu veux ou tu veux pas ?";"Quitte-moi";"2007";"FREMEAUX & ASSOCIES";1764209679;1764209925;;"https://www.deezer.com/track/137047044";"https://open.spotify.com/track/79fC1CRDjo2eZNDdUHJnev"
"Hether";"Falling For The Feeling";"Falling for the feeling";"2025";"R&R DIGITAL";1764209796;1764210037;;"https://www.deezer.com/track/3460701841";"https://open.spotify.com/track/7kBfhbSMztSGzjEcWWqvkh"
"General Elektriks";"Good city for dreamers";"Raid the radio";"2009";"DISCOGRAPH";1764210034;1764210262;"https://music.apple.com/fr/album/raid-the-radio/1166888742?i=1166889013&uo=4";;
"Andre Gibson’s Universal Togetherness Band";"Apart : demos (1980-1984)";"Thankful for you";"2023";"NUMERO GROUP";1764210261;1764210449;;;
"The Selenites Band";"Behind the mask";"Helen's dance in the sky";"2021";"STEREOPHONK";1764210443;1764210690;;"https://www.deezer.com/track/1501458832";"https://open.spotify.com/track/7jTS3BTTNLpiRF5j6FRWmr"
"Project Gemini & Wendy Martinez";"Time Stands Still / Le temps s'arrête";"Notre chambre";"2025";"MR BONGO";1764210685;1764210865;"https://music.apple.com/fr/album/notre-chambre/1823890908?i=1823890927&uo=4";;
"Hether";"Falling For The Feeling";"Falling for the feeling";"2025";"R&R DIGITAL";1764210737;1764210977;;"https://www.deezer.com/track/3460701841";"https://open.spotify.com/track/7kBfhbSMztSGzjEcWWqvkh"
"Amrit Pamal";"Sohni Mahiwal EP";"Jinde Meriye";"2022";"LOCAL DISH";1764210863;1764211001;;;
"General Elektriks";"Good city for dreamers";"Raid the radio";"2009";"DISCOGRAPH";1764210975;1764211203;"https://music.apple.com/fr/album/raid-the-radio/1166888742?i=1166889013&uo=4";;
"Hugo Blanco Y Su Arpa Viajera";"Color de Tropico";"Guajira con arpa";"1966";"EL PALMAS MUSIC";1764211012;1764212139;;;
"Federico Aubele";"Gran hotel Buenos Aires";"Esta noche";"2003";"ESL";1764211193;1764212382;;"https://www.deezer.com/track/5939457";
"Andre Gibson’s Universal Togetherness Band";"Apart : demos (1980-1984)";"Thankful for you";"2023";"NUMERO GROUP";1764211202;1764211389;;;
"The Selenites Band";"Behind the mask";"Helen's dance in the sky";"2021";"STEREOPHONK";1764211388;1764211631;;"https://www.deezer.com/track/1501458832";"https://open.spotify.com/track/7jTS3BTTNLpiRF5j6FRWmr"
"Venna";"Malik";"Mr Popular (feat. Smino)";"2025";"CASHMERE THOUGHTS";1764211439;1764212558;;"https://www.deezer.com/track/3354607461";"https://open.spotify.com/track/215MkXd23lFtFD1lUeRuGF"
"Keiyaa";"Stupid Prizes";"Stupid prizes";"2025";"XL RECORDINGS";1764211615;1764211806;;"https://www.deezer.com/track/3593789292";"https://open.spotify.com/track/4YZXIoOJbus69PEBfP1AF0"
"Bibio";"Hand Cranked";"Marram";"2006";"MUSH";1764211809;1764211935;;"https://www.deezer.com/track/1136005072";"https://open.spotify.com/track/3eAncUkxFMDat8n5avj1HI"
"Fastmusic";"I want to love, and I love";"Dancing in the sun";"2024";"FUN IN THE CHURCH";1764211929;1764212229;;"https://www.deezer.com/track/2882750542";"https://open.spotify.com/track/5yy8lgZXpx0PaEnvKqbHrg"
"Belleruche";"The express";"Rumble strip";"2008";"TRU THOUGHTS";1764212227;1764212385;;"https://www.deezer.com/track/15151533";"https://open.spotify.com/track/3x6fn3jPxfo7kdqAgieLAf"
"Oko Ebombo";"Naked life (EP)";"Naked life";"2016";"AUTOPRODUCTION";1764212380;1764212630;;"https://www.deezer.com/track/1714771387";
"Keiyaa";"Stupid Prizes";"Stupid prizes";"2025";"XL RECORDINGS";1764212556;1764212747;;"https://www.deezer.com/track/3593789292";"https://open.spotify.com/track/4YZXIoOJbus69PEBfP1AF0"
"Nina Simone";"To love somebody";"To love somebody";"1969";"RCA";1764212632;1764213732;;"https://www.deezer.com/track/632027";"https://open.spotify.com/track/7LZoKNMhsZ7qbP1lYGDva8"
"Bibio";"Hand Cranked";"Marram";"2006";"MUSH";1764212753;1764212876;;"https://www.deezer.com/track/1136005072";"https://open.spotify.com/track/3eAncUkxFMDat8n5avj1HI"
"Golden Bug";"Hot robot";"Voodoo child";"2008";"GOMMA";1764212787;1764213819;;"https://www.deezer.com/track/681924272";"https://open.spotify.com/track/6qgXz5XepUdjTOk0nhvMds"
"Fastmusic";"I want to love, and I love";"Dancing in the sun";"2024";"FUN IN THE CHURCH";1764212874;1764213171;;"https://www.deezer.com/track/2882750542";"https://open.spotify.com/track/5yy8lgZXpx0PaEnvKqbHrg"
"Da Lata";"Samba bossa nova";"Cores";"2002";"PUTUMAYO WORLD MUSIC";1764212877;1764214024;;"https://www.deezer.com/track/12466866";
"Lana Del Rey";"Ultraviolence";"Ultraviolence";"2014";"POLYDOR";1764213086;1764214279;;"https://www.deezer.com/track/79363287";"https://open.spotify.com/track/1y3r6RXiJZNBV1EI0NggpS"
"Belleruche";"The express";"Rumble strip";"2008";"TRU THOUGHTS";1764213170;1764213325;;"https://www.deezer.com/track/15151533";"https://open.spotify.com/track/3x6fn3jPxfo7kdqAgieLAf"
"Oko Ebombo";"Naked life (EP)";"Naked life";"2016";"AUTOPRODUCTION";1764213323;1764213569;;"https://www.deezer.com/track/1714771387";
"Miel De Montagne";"Gelée royale";"Cette fille";"2019";"PAIN SURPRISES & DELICIEUSE RECORDS";1764213331;1764213499;"https://music.apple.com/fr/album/cette-fille/1450615742?i=1450615761&uo=4";"https://www.deezer.com/track/623012262";"https://open.spotify.com/track/5vz2Pi3uiXIcK8NzadW8U0"
"Warbaby";"And ever";"Ride forever";"2025";"AUTOPRODUCTION";1764213495;1764213720;;"https://www.deezer.com/track/3214003871";"https://open.spotify.com/track/3toAe0LiASRximPBjnYgZu"
"Gnonnas Pedro Et Ses Dadjes";"Legends of Benin/Afro-funk";"Dadje von o von";"";"ANALOG AFRIC";1764213716;1764213946;;;
"Megatronic";"Do I belong to you ?";"Organic";"2024";"RAZOR-N-TAPE";1764213941;1764214199;;"https://www.deezer.com/track/2939451441";"https://open.spotify.com/track/4hhNvvczAMnpAxGprOGo1M"
"Sister Sledge";"We are family [bonus tracks]";"Lost in music";"1975";"RHINO RECORDS";1764214198;1764214485;;"https://www.deezer.com/track/917774052";
"Miel De Montagne";"Gelée royale";"Cette fille";"2019";"PAIN SURPRISES & DELICIEUSE RECORDS";1764214275;1764214439;"https://music.apple.com/fr/album/cette-fille/1450615742?i=1450615761&uo=4";"https://www.deezer.com/track/623012262";"https://open.spotify.com/track/5vz2Pi3uiXIcK8NzadW8U0"
"Warbaby";"And ever";"Ride forever";"2025";"AUTOPRODUCTION";1764214441;1764214660;;"https://www.deezer.com/track/3214003871";"https://open.spotify.com/track/3toAe0LiASRximPBjnYgZu"
"Reuben Vaun Smith";"Land of music";"Lost in space";"2024";"UBIQUITY";1764214474;1764214755;;"https://www.deezer.com/track/3085218461";"https://open.spotify.com/track/7AIndbNWX3fNOXMCDJPaF1"
"Gnonnas Pedro Et Ses Dadjes";"Legends of Benin/Afro-funk";"Dadje von o von";"";"ANALOG AFRIC";1764214656;1764214887;;;
"Maston with L'Eclair";"Souvenir";"Les monstres";"2021";"INNOVATIVE LEISURE";1764214773;1764215851;;;
"Megatronic";"Do I belong to you ?";"Organic";"2024";"RAZOR-N-TAPE";1764214885;1764215140;;"https://www.deezer.com/track/2939451441";"https://open.spotify.com/track/4hhNvvczAMnpAxGprOGo1M"
"Celine Dessberg";"Hödöö";"L'histoire de ta vie";"2024";"AUTOPRODUCTION";1764214906;1764215106;;"https://www.deezer.com/track/3075305111";"https://open.spotify.com/track/5dG91cWFeoxWs1T1tThJSa"
"Bob Dylan";"The essential";"Knockin' on heaven's door";"1973";"COLUMBIA";1764215105;1764215253;;"https://www.deezer.com/track/75768727";"https://open.spotify.com/track/6HSXNV0b4M4cLJ7ljgVVeh"
"Sister Sledge";"We are family [bonus tracks]";"Lost in music";"1975";"RHINO RECORDS";1764215140;1764215425;;"https://www.deezer.com/track/917774052";
"Los Belking's";"Los belking's";"La lluvia de tus ojos";"1968";"DISCOS FANTASTICO";1764215248;1764215353;;;
"Marina P & The Co-Operators";"Know nothing about";"Kick it";"2025";"ELEPHANTSOUNDZ";1764215355;1764215526;;;
"Sade";"Lovers Rock";"King of sorrow";"2000";"EPIC";1764215526;1764215813;;"https://www.deezer.com/track/1030619972";"https://open.spotify.com/track/0qQcQIj6htaCX7KFrsciNU"
"M";"Je dis aime";"Bonoboo";"2000";"DELABEL";1764215797;1764215980;;;
"Mothers Favorite Child";"Cobra queen";"Triangle bae";"2025";"NEW SOUND NETWORK";1764215977;1764216069;;"https://www.deezer.com/track/3165925541";"https://open.spotify.com/track/4TrqLFQwBB5KfuShGfLH6s"
"Bob Dylan";"The essential";"Knockin' on heaven's door";"1973";"COLUMBIA";1764216047;1764216190;;"https://www.deezer.com/track/75768727";"https://open.spotify.com/track/6HSXNV0b4M4cLJ7ljgVVeh"
"Allan Wachs";"Mountain roads & city streets";"Mountain roads";"1979";"NUMERO GROUP";1764216076;1764217277;;"https://www.deezer.com/track/1660692222";"https://open.spotify.com/track/7KXaysWrhPDcPzrWccRF5Y"
"Los Belking's";"Los belking's";"La lluvia de tus ojos";"1968";"DISCOS FANTASTICO";1764216193;1764216295;;;
"Marina P & The Co-Operators";"Know nothing about";"Kick it";"2025";"ELEPHANTSOUNDZ";1764216296;1764216467;;;
"Tracy Chapman";"New beginning";"Give me one reason";"1995";"WEA";1764216331;1764217542;;"https://www.deezer.com/track/2477838";"https://open.spotify.com/track/4vDBJeeQCbhP9FaPPMsYkY"
"Sade";"Lovers Rock";"King of sorrow";"2000";"EPIC";1764216472;1764216755;;"https://www.deezer.com/track/1030619972";"https://open.spotify.com/track/0qQcQIj6htaCX7KFrsciNU"
"Maelle Taina";"As I am";"You're not that far away";"2025";"MODULOR";1764216595;1764217794;;"https://www.deezer.com/track/3334652031";"https://open.spotify.com/track/3K1LkVdLJcFWe0E9kXhJZs"
"M";"Je dis aime";"Bonoboo";"2000";"DELABEL";1764216742;1764216924;;;
"Dream House Quartet";"Sonic wires";"Electric counterpoint : 2. Slow - arrangement pour 2 guitares électriques";"2024";"DGG (DEUTSCHE GRAMMOPHON)";1764216848;1764217050;;;
"Mothers Favorite Child";"Cobra queen";"Triangle bae";"2025";"NEW SOUND NETWORK";1764216923;1764217015;;"https://www.deezer.com/track/3165925541";"https://open.spotify.com/track/4TrqLFQwBB5KfuShGfLH6s"
"Lablue & Astronne";"Blue phases";"Sous la pluie";"2021";"ROCHE MUSIQUE";1764217053;1764217278;;;
"Nikki Giovanni";"The way I feel";"Just a ny poem";"1975";"MODERN HARMONIC";1764217271;1764217504;"https://music.apple.com/fr/album/just-a-ny-poem/1582232890?i=1582232895&uo=4";"https://www.deezer.com/track/1500871242";
"Duran Duran";"Liberty";"My antarctica";"1990";"PARLOPHONE";1764217479;1764217776;;"https://www.deezer.com/track/3123732";"https://open.spotify.com/track/7b0WvqtaiygjUVpRdo3jTM"
"Djelimady Tounkara";"Djely blues";"Ankaben";"2015";"LABEL BLEU";1764217772;1764218022;;"https://www.deezer.com/track/119402890";
"Lablue & Astronne";"Blue phases";"Sous la pluie";"2021";"ROCHE MUSIQUE";1764217999;1764218220;;;
"Santana";"Ultimate Santana";"Oye como va";"1970";"CBS";1764218018;1764219216;"https://music.apple.com/fr/album/oye-como-va/871146591?i=871146601&uo=4";"https://www.deezer.com/track/15437788";"https://open.spotify.com/track/5u6y4u5EgDv0peILf60H5t"
"Nikki Giovanni";"The way I feel";"Just a ny poem";"1975";"MODERN HARMONIC";1764218213;1764218446;"https://music.apple.com/fr/album/just-a-ny-poem/1582232890?i=1582232895&uo=4";"https://www.deezer.com/track/1500871242";
"Daniel Lanois";"Player, piano";"Twilight";"2022";"MODERN RECORDS";1764218292;1764219436;;"https://www.deezer.com/track/1842134767";"https://open.spotify.com/track/3u7Bt4q5JOOHpZFWOYHH9a"
"Duran Duran";"Liberty";"My antarctica";"1990";"PARLOPHONE";1764218420;1764218718;;"https://www.deezer.com/track/3123732";"https://open.spotify.com/track/7b0WvqtaiygjUVpRdo3jTM"
"Double";"Les tubes des pubs";"The captain of her heart (Dédicace)";"1985";"POLYGRAM";1764218494;1764219705;;;
"Djelimady Tounkara";"Djely blues";"Ankaben";"2015";"LABEL BLEU";1764218717;1764218965;;"https://www.deezer.com/track/119402890";
"Veronique Sanson";"Les moments importants";"Le maudit (mais ta douleur efface ta faute)";"1974";"WEA MUSIC";1764218759;1764219014;;;
"Quatuor Kronos";"Quatuor Kronos : Early Music (Lachrymæ Antiquæ)";"Synchrony n°2 - pour quatuor à cordes et tambour";"1997";"Nonesuch";1764219011;1764219168;;;
"Gruff Rhys";"Sadness sets me free";"Peace signs";"2024";"ROUGH TRADE RECORDS";1764219172;1764219468;;"https://www.deezer.com/track/2607903162";"https://open.spotify.com/track/6BFdbl2HxPx9PsaGm9l16P"
"Shuggie Otis";"Inspiration information";"Strawberry letter 23";"1971";"LUAKA BOP";1764219461;1764219698;;"https://www.deezer.com/track/551334";"https://open.spotify.com/track/4W8IEREeLldaSQyGXcZQ2I"
"Eyal Talmudi";"Sonolodge";"Bliss kiss (feat. Asaf Roth)";"2025";"RAW TAPES";1764219693;1764220750;;;
"Veronique Sanson";"Les moments importants";"Le maudit (mais ta douleur efface ta faute)";"1974";"WEA MUSIC";1764219700;1764219955;;;
"Lau Ro";"Cabana";"Lugar";"2024";"FAR OUT RECORDS";1764219804;1764220988;;"https://www.deezer.com/track/2715457132";"https://open.spotify.com/track/124WL1npYJXeLAkzJeE7AU"
"Quatuor Kronos";"Quatuor Kronos : Early Music (Lachrymæ Antiquæ)";"Synchrony n°2 - pour quatuor à cordes et tambour";"1997";"Nonesuch";1764219952;1764220110;;;
"Chet Baker";"Les incontournables / Chet Baker";"When I fall in love";"1959";"WARNER";1764220050;1764221205;;"https://www.deezer.com/track/5565265";
"Gruff Rhys";"Sadness sets me free";"Peace signs";"2024";"ROUGH TRADE RECORDS";1764220113;1764220409;;"https://www.deezer.com/track/2607903162";"https://open.spotify.com/track/6BFdbl2HxPx9PsaGm9l16P"
"Viktor Vaughn";"Vaudeville villain";"Let me watch (feat. Apani B. as Nikki)";"2003";"SOUNDINK RECORDS";1764220262;1764221471;;;
"Shuggie Otis";"Inspiration information";"Strawberry letter 23";"1971";"LUAKA BOP";1764220402;1764220639;;"https://www.deezer.com/track/551334";"https://open.spotify.com/track/4W8IEREeLldaSQyGXcZQ2I"
"Silvan Strauss";"Facing";"Shades";"2022";"KABUL FIRE RECORDS";1764220527;1764220648;;"https://www.deezer.com/track/1904393047";"https://open.spotify.com/track/4HplmeQ2xfgtMYBRCwJQ4I"
"Hannah Jadagu";"Describe";"Doing now";"2025";"SUB POP RECORDS";1764220645;1764220835;;"https://www.deezer.com/track/3481563301";"https://open.spotify.com/track/6aIlwBpWSRmUkvdbRs78wU"
"Stereolab";"Dots And Loops";"Rainbo conversation";"1997";"ELECTRA";1764220842;1764221125;;"https://www.deezer.com/track/355425411";"https://open.spotify.com/track/1Ip4AyegQWSvzVn3WrRSYm"
"Audrey Arno";"Tchic tchic french bossa nova 1963 1974";"Quand Jean-Paul rentrera";"1969";"BORD BAD";1764221121;1764221289;;"https://www.deezer.com/track/993510422";
"Marcos Valle";"Jet-samba";"Brasil / México";"2005";"DUBAS MUSICA";1764221284;1764221466;;"https://www.deezer.com/track/11331596";"https://open.spotify.com/track/61LQETf0Nz3zRPC9nUKTsg"
"Barry Brown";"Lets go to the blues";"Fittest of the fittest";"1979";"GORGON RECORDS";1764221465;1764222626;;"https://www.deezer.com/track/73782646";
"Silvan Strauss";"Facing";"Shades";"2022";"KABUL FIRE RECORDS";1764221468;1764222047;;"https://www.deezer.com/track/1904393047";"https://open.spotify.com/track/4HplmeQ2xfgtMYBRCwJQ4I"
"Hannah Jadagu";"Describe";"Doing now";"2025";"SUB POP RECORDS";1764221585;1764222234;;"https://www.deezer.com/track/3481563301";"https://open.spotify.com/track/6aIlwBpWSRmUkvdbRs78wU"
"The Stranglers";"Greatest Hits 1977-1990";"Peaches";"1977";"EPIC";1764221682;1764223324;;"https://www.deezer.com/track/3152612";
"Stereolab";"Dots And Loops";"Rainbo conversation";"1997";"ELECTRA";1764221782;1764222524;;"https://www.deezer.com/track/355425411";"https://open.spotify.com/track/1Ip4AyegQWSvzVn3WrRSYm"
"Audrey Arno";"Tchic tchic french bossa nova 1963 1974";"Quand Jean-Paul rentrera";"1969";"BORD BAD";1764222062;1764222688;;"https://www.deezer.com/track/993510422";
"Marcos Valle";"Jet-samba";"Brasil / México";"2005";"DUBAS MUSICA";1764222225;1764222865;;"https://www.deezer.com/track/11331596";"https://open.spotify.com/track/61LQETf0Nz3zRPC9nUKTsg"
"Dry Cleaning";"New long leg";"Scratchcard laynard";"2021";"4AD";1764222866;1764223112;;;
"Baxter Dury";"It's a pleasure";"Other men's girls";"2014";"PLAY IT AGAIN SAM";1764223106;1764223323;;"https://www.deezer.com/track/80374264";"https://open.spotify.com/track/7CjwoVgDB8EuTrMM76K0vT"
"Vincent Delerm";"BOF / Le mélange des genres";"Le mélange des genres : Vers la fin";"2025";"TOT OU TART";1764223213;1764223343;;;
"Benny Sings";"Music";"Here it comes";"2021";"STONES THROW";1764223338;1764223532;;"https://www.deezer.com/track/1230623482";"https://open.spotify.com/track/5Y0kfJdXjZaHUe6W5C1EJ9"
"Theo Champion";"The Mean Time";"The Mean Time";"2025";"AUTOPRODUCTION";1764223530;1764223700;;"https://www.deezer.com/track/3343084491";"https://open.spotify.com/track/5GstR0lRCHdggvkq7nrVzG"
"Odetta";"At the gate of horn";"Gallows tree (gallows pole)";"1957";"TRADITION";1764223696;1764223865;;;
"John Williams";"John Williams the guitarist : The complete Columbia album collection / CD 29 : Guitar quintets";"Quintette n°6 en Sol Maj G 450 : Andantino lento";"2015";"SONY CLASSICAL";1764223864;1764224038;;;
"Patrick Watson";"Uh Oh";"Ca va (feat. Solann)";"2025";"SECRET CITY RECORDS";1764224034;1764224228;;;
"R.E.M.";"Up";"At my most beautiful";"1998";"WARNER BROS";1764224226;1764224439;"https://music.apple.com/fr/album/at-my-most-beautiful/1422693791?i=1422694731&uo=4";"https://www.deezer.com/track/121921346";"https://open.spotify.com/track/5Knohtj8UsTpFZsTCkMZWx"
"Marina P & The Co-Operators";"Know nothing about";"Moonlighting";"2025";"ELEPHANTSOUNDZ";1764224431;1764224643;"https://music.apple.com/fr/album/moonlighting/1836274172?i=1836274175&uo=4";;
"Pleasurewood";"Heatwaves";"Burn this disco out";"2024";"FARFALLA RECORDS";1764224641;1764224885;"https://music.apple.com/fr/album/burn-this-disco-out/1743739198?i=1743739213&uo=4";"https://www.deezer.com/track/2772972881";"https://open.spotify.com/track/4LdfD9yc3WWtUfwr5ybtbS"
"Michael Franks";"The Art of tea";"St. Elmo's fire";"1975";"WARNER BROS";1764224882;1764225120;;"https://www.deezer.com/track/14954635";
"Candice Ivory";"When the levee breaks: the music of Memphis Minnie";"World of trouble";"2023";"LITTLE VILLAGE";1764225116;1764225386;;"https://www.deezer.com/track/2367448415";"https://open.spotify.com/track/6aKEhqBx2Y7njJtHkbzxa1"
"Thee Marloes";"Perak";"Logika";"2024";"BIG CROWN RECORDS";1764225384;1764225590;;"https://www.deezer.com/track/2747492801";"https://open.spotify.com/track/3IaxnIzUyNV1hlOfOU73Ie"
"Dub Shepherds";"Night & day";"Water your seeds";"2023";"BAT RECORDS";1764225589;1764225767;;"https://www.deezer.com/track/2318971635";"https://open.spotify.com/track/0IQy5pGdeuEXvE942B3zAQ"
"Lucrecia Dalt";"A danger to ourselves";"Cosa rara (feat. David Sylvian)";"2025";"RVNGNL INTL";1764225763;1764225990;"https://music.apple.com/fr/album/cosa-rara-feat-david-sylvian/1790453041?i=1790453044&uo=4";;
"Jay-Jay Johanson";"Ten little minutes";"Ten little minutes";"2025";"LICENCE KURONEKO - 29 MUSIC";1764225987;1764226213;;"https://www.deezer.com/track/3299711321";"https://open.spotify.com/track/32FlynCmXsTdzQQcv92llZ"
"Mark Murphy";"Crazy rhythm his debut recordings";"Exactly like you";"1956";"DECCA";1764226212;1764226462;;"https://www.deezer.com/track/141753925";"https://open.spotify.com/track/35OFYubXVTgCwVvjhwWIm3"
"Bacao Rhythm & Steel Band";"Dirt off your shoulder";"Dirt off your shoulder";"2021";"BIG CROWN RECORDS";1764226461;1764226632;"https://music.apple.com/fr/album/dirt-off-your-shoulder/1617152802?i=1617153230&uo=4";"https://www.deezer.com/track/1705163307";
"Bertrand Belin";"Watt";"Watt";"2025";"CINQ 7";1764226629;1764226799;;"https://www.deezer.com/track/3407766781";"https://open.spotify.com/track/3HvHj6Jb7cYnLKTZCINv2V"
"PM Warson";"A little more time";"I need a reason";"2024";"LEGERE RECORDINGS";1764226796;1764227053;;"https://www.deezer.com/track/2914816361";"https://open.spotify.com/track/5Tcm4edpfRh9Ap64U9nuNc"
"Mavis Staples";"We'll never turn back";"This little light of mine";"2007";"ANTI";1764227051;1764227252;;;
"Felbm";"Tape 1 / Tape2";"Herfstzon";"2018";"SOUNDWAY RECORDS";1764227249;1764227440;;"https://www.deezer.com/track/1666123262";"https://open.spotify.com/track/2AsnivCjwQDbLe91uxq869"
"John Lennon";"Plastic Ono band";"Working Class Hero";"1970";"EMI";1764227436;1764227663;;;
"Lonny";"Avril exil";"Avril exil";"2020";"HORIZON / UN PLAN SIMPLE";1764227661;1764227850;;"https://www.deezer.com/track/1154907422";"https://open.spotify.com/track/27q4950cU6TVmmZ3V8rVN2"
"keiyaA";"Hooke’s law";"Think about it what u think ?";"2025";"XL RECORDINGS";1764227845;1764228052;;;
"Alcynoos & Parental";"Shapes";"Fireflies (feat. Remulak & Aywee Tha Seed)";"2020";"BEAT JAZZ INTERNATIONAL";1764228047;1764228190;;;
"Aquarama";"Teleskop";"The house is burning";"2020";"FRESH YO! LABEL / SAND MUSIC";1764228189;1764228394;;"https://www.deezer.com/track/859897332";"https://open.spotify.com/track/3Xvv0qNJtCUiqx2qVll5VP"
"Thee Sinseers";"Sinseerly yours";"What's his name";"2024";"COLEMINE RECORDS";1764228389;1764228572;;;"https://open.spotify.com/track/4h6IvqHdUXslVN2L3zy2fw"
"Jimmy Cliff";"Jimmy Cliff";"Wonderful world, beautiful people";"1969";"ISLAND";1764228570;1764228768;;;
"Quatuor Amadeus";"Quatuor Amadeus : Intégrale des enregistrements DGG / CD 40-42";"Quatuor à cordes n°62 en Ut Maj op 76 n°3 HOB III : 77 (L'empereur) : 4. Finale (Presto)";"1970";"DEUTSCHE GRAMMOPHON";1764228759;1764228996;;;
"Tame Impala";"Dracula";"Dracula";"2025";"COLUMBIA";1764228992;1764229196;;"https://www.deezer.com/track/3567385391";"https://open.spotify.com/track/709ZIqPHyFOpx2QdjmeWAM"
"Voyou";"Les royaumes minuscules";"Les insectes";"2023";"SONY MUSIC";1764229194;1764229393;;"https://www.deezer.com/track/2041041027";"https://open.spotify.com/track/17nHtKXQRXjyXb7YpFf9gB"
"We Are Alva";"Proud Snail!";"Proud snail!";"2025";"J & J RECORDS";1764229392;1764229607;"https://music.apple.com/fr/album/proud-snail/1803614873?i=1803614876&uo=4";"https://www.deezer.com/track/3288821581";"https://open.spotify.com/track/6T1O875rVTRgtRq01FsQGA"
"Melvin Sparks";"Return to the old school - classic breaks and beats from the birth of hip-hop";"Get ya some";"1975";"BGP RECORDS";1764229606;1764229877;;;
"Bobby Hebb";"Sunny";"Sunny";"1966";"TROCADERO RECORDS";1764229772;1764229934;"https://music.apple.com/fr/album/sunny/1440918582?i=1440918584&uo=4";"https://www.deezer.com/track/1175777";"https://open.spotify.com/track/4vju55Ag7apDL2CfotuE7Q"
"Los Yesterday";"Penrose showcase / vol. II";"Who made you you ?";"2024";"PENROSE RECORDS";1764229930;1764230131;;;
"Passion Coco";"Cha";"Cha";"2021";"MAAULA RECORDS";1764230129;1764230418;;"https://www.deezer.com/track/3569178671";"https://open.spotify.com/track/6c5h4XDekm47kNx5C4dpXQ"
"The Three Sounds";"Best of three sounds";"Besame Mucho";"1958";"BLUE NOTE";1764230413;1764230651;;"https://www.deezer.com/track/63062077";
"Julie London";"The best of the Liberty years";"Diamonds are a girls best friend";"1961";"LIBERTY";1764230649;1764230767;;;
"Crayon";"Home Safe";"Diamond Miner (feat. ELIZA & FKJ)";"2025";"ERASED TAPES";1764230766;1764230994;;;
"Sinead O Connor";"L'imaginaire irlandais";"Famine";"1994";"KELTIA";1764230994;1764231287;;;
"Jaune";"La promesse";"En sommeil";"2019";"QUEL PANACHE";1764231283;1764231562;;"https://www.deezer.com/track/610815442";"https://open.spotify.com/track/74PxZemsSLlZBunvXyk6tm"
"Curtis Mayfield";"The very best of Curtis Mayfield";"Pusherman";"1972";"CHARLY RECORDS";1764231560;1764231859;;"https://www.deezer.com/track/741548";"https://open.spotify.com/track/7zrPswSV1yxrill5OyCuaU"
"The Olympians";"The Olympians";"Mercury's odyssey";"2016";"DAPTONE RECORDS";1764231855;1764232067;;"https://www.deezer.com/track/807964422";"https://open.spotify.com/track/7MK6dTwtROW1drl68rA6v9"
"Max Romeo";"Arkology / Succès de 1976 à 1997";"War in a Babylon";"1976";"ISLAND";1764232062;1764232353;;"https://www.deezer.com/track/3265718281";
"Morcheeba";"Big calm";"Friction";"1998";"INDOCHINA";1764232351;1764232601;;"https://www.deezer.com/track/750503";"https://open.spotify.com/track/4Ez0699U8pfsMR9IaiVYH1"
"Cecilia Bartoli";"Maria";"Amelia ovvero otto anni di costanza : Scorrete o lagrime (acte III) air d'Amelia et choeur";"2007";"DECCA";1764232595;1764232744;;;
"Lalo Schifrin";"B.O.F. / Mission impossible / Anthology";"Midnight courier";"1967";"ONE WAY REC";1764232744;1764232950;;"https://www.deezer.com/track/129309948";
"Jacques Dutronc";"La leçon de gymnastique du professeur Dutronc  1968 -1969";"L'aventurier";"1969";"VOGUE";1764232944;1764233092;;"https://www.deezer.com/track/540436";"https://open.spotify.com/track/5OFAKe21CCNC4pHe7jCXOM"
"Buena Vista Social Club";"Buena Vista social club";"Chan chan";"1997";"NIGHT&DA";1764233091;1764233347;;"https://www.deezer.com/track/704071482";"https://open.spotify.com/track/3bxZhauuIU4ubctdRZwPYW"
"Belle And Sebastian";"The third eye centre";"Your secrets";"2013";"ROUGH TRADE RECORDS";1764233343;1764233524;;"https://www.deezer.com/track/74516186";
"King Gizzard & The Lizard Wizard";"Phantom Island";"Panpsych";"2025";"KGLW";1764233519;1764233761;;"https://www.deezer.com/track/3233286941";
"Marvin Gaye";"B.O.F /  Trouble man";"""""T"""" Stands for trouble";"1972";"MOTOWN";1764233760;1764234044;;;
"Adi Oasis";"Lotus glow";"Sidonie";"2023";"UNITY GROUP";1764234036;1764234231;;"https://www.deezer.com/track/2071647257";"https://open.spotify.com/track/0CARDWgulJdJvDFlbpryvw"
"The Beatles";"Magical mystery tour [2009 stereo remaster]";"Your mother should know";"1967";"EMI";1764234230;1764234378;;;
"John Butler Trio";"Flesh & Blood";"Spring to come";"2014";"BECAUSE";1764234375;1764234628;;"https://www.deezer.com/track/442339122";"https://open.spotify.com/track/1QxwdiSYqyYChOyuhD7pb0"
"Hugar";"Varda";"Atlavík";"2018";"MASTERWORKS / SONY";1764234626;1764234778;;"https://www.deezer.com/track/706582122";
"Theodora";"Mega BBL (bad boy lovestory)";"Ils me rient tous au nez live version (feat Chilly Gonzales)";"2025";"VIRGIN";1764234777;1764234952;;;
"Ann Peebles";"Hi records / The soul years";"A good day for lovin'";"1978";"HI RECORDS";1764234950;1764235118;;"https://www.deezer.com/track/3748401492";
"Eartha Kitt";"At her very best";"The day that the circus left town";"1955";"BMG";1764235115;1764235310;;;"https://open.spotify.com/track/44ouCTOV1y2mkuDjzPLItY"
"Vladimir Cosma";"Bof / Le grand blond avec une chaussure noire & le retour du grand blond";"Le grand blond";"1972";"POMME MUSIC";1764235309;1764235451;;"https://www.deezer.com/track/93114768";"https://open.spotify.com/track/5TZXzIWqRe4a3EjtvZaqyh"
"The Amazing Rhythm Aces";"Stacked deck / Too stuffed to jump";"Typical American boy";"1976";"REAL GONE MUSIC";1764235451;1764235660;;;
"Jesse Harris";"Having a Ball (feat. Norah Jones)";"Having a Ball (feat. Norah Jones)";"2025";"ARTWORK RECORDS";1764235655;1764235842;;"https://www.deezer.com/track/3439657791";"https://open.spotify.com/track/4j1Z2nBiE63ybrVJFUlJnA"
"Una Mas Trio";"Ritmo del futura";"Clear as water";"2010";"AGOGO";1764235842;1764236149;;"https://www.deezer.com/track/442859502";
"Nicola Conte";"Umoja";"Flying circles";"2023";"FAR OUT RECORDINGS";1764236146;1764236485;;"https://www.deezer.com/track/2281247217";"https://open.spotify.com/track/3V4o7VYKKDPmrKzppQDgOZ"
"Franco De Gemini";"Bof / Beat at cinecitta / Vol 1";"Bossa beat (du film """" Si puo fare molto con sette donne"""")";"1972";"CRIPPLED DICK HOT WAX";1764236478;1764236618;;;
"Serge Gainsbourg";"Initials B.B.";"Docteur Jekyll Et monsieur Hyde";"1967";"PHILIPS";1764236619;1764236692;;"https://www.deezer.com/track/119874088";
"Woods";"Love is love";"Love is Love";"2017";"";1764236729;1764237030;;"https://www.deezer.com/track/144512334";"https://open.spotify.com/track/7sFwjRQMLwLlCpbzeFuXv7"
"Homer";"Ensatina";"Goldie";"2024";"BIG CROWN RECORDS";1764237022;1764237265;;"https://www.deezer.com/track/2907290771";"https://open.spotify.com/track/1IdzHUWYV1dRK9CcbWbClM"
"Digable Planets";"Blowout comb";"Dog it";"1994";"PENDULUM";1764237260;1764237521;;"https://www.deezer.com/track/3440385";"https://open.spotify.com/track/6Mbm86B4joMLyCncLCESCG"
"Jimi Hendrix";"Axis : Bold as love";"One rainy wish";"1967";"POLYDOR";1764237520;1764237745;;"https://www.deezer.com/track/4952837";"https://open.spotify.com/track/5Zyv0v4rPcrXjkaeImuodv"
"Melaine Dalibert";"vermilion hours";"Musique pour lever du jour short (version courte)";"2025";"";1764237735;1764237963;;;
"Dan Le Sac";"Angles";"Look for the woman";"2008";"SUNDAY BEST RECORDINGS";1764237959;1764238198;;;
"Oasis";"(what's the story) morning glory";"Don't look back in anger";"1995";"SONY";1764238196;1764238483;;"https://www.deezer.com/track/985722002";"https://open.spotify.com/track/7ppPZa3TRUSGKaks9wH7VT"
"Modha";"River (feat. Abase & Fanni Zahar)";"River (feat. Abase & Fanni Zahar)";"2025";"SONAR KOLLEKTIV";1764238482;1764238727;;;
"Les Baxter";"Midnight on the cliffs";"Blue mirage (Don't go)";"1957";"CAPITOL";1764238724;1764238871;"https://music.apple.com/fr/album/blue-mirage-dont-go/1634731904?i=1634732101&uo=4";;"https://open.spotify.com/track/6L1TqXz6HVtqUPoHeQNvsy"
"Elina Garanca";"Habanera : Récital Elina Garanca";"Carmen : L'amour est un oiseau rebelle (Acte I Sc 4) Air de Carmen";"2010";"DEUTSCHE GRAMMOPHON";1764238869;1764239152;;;
"Oklou";"Viscus";"Viscus (feat. FKA Twigs)";"2025";"AUTOPRODUCTION";1764239141;1764239359;;;
"El Michels Affair";"24 Hr sports";"Oakley's car wash (feat. Dave Guy)";"2025";"BIG CROWN RECORDS";1764239357;1764239477;;;
"Darongo";"Black & Proud";"Let my people go";"";"TRIK";1764239476;1764239708;;;
"Tokyo Children'S Choir";"Dj Yoshizawa Dynamite. JP presents : Minyo groove 1963-1979 : Japan meets latin, rock, rare groove & funky vibes";"Kokiriko";"2025";"180G";1764239706;1764239845;;"https://www.deezer.com/track/3656895152";"https://open.spotify.com/track/1w7yx5WNbRi5MreD4EwgOj"
"Kreidler";"Early recordings 1994-95";"Beginn / Drücken";"1994";"BUREAU B";1764239840;1764240159;;"https://www.deezer.com/track/3492798261";"https://open.spotify.com/track/3nayJkIjfA0g118wdaBZ5e"
"America";"The definitive America";"A horse with no name";"1971";"WEA";1764240156;1764240402;"https://music.apple.com/fr/album/a-horse-with-no-name/301027593?i=301027918&uo=4";"https://www.deezer.com/track/727720";
"Ganavya";"Like the sky I've been too quiet";"Our mother is our daughter is our mother";"2024";"NATIVE REBEL RECORDINGS";1764240397;1764240617;;"https://www.deezer.com/track/2655327582";"https://open.spotify.com/track/13Trz9lyFCft7nYJcCnnhO"
"Jus Jam";"Theoric proximity";"Midnight marauder";"2025";"BROKEN DISTRICT";1764240615;1764240909;"https://music.apple.com/fr/album/midnight-marauder/1836208715?i=1836208873&uo=4";"https://www.deezer.com/track/3530253281";"https://open.spotify.com/track/2bz0xKQTNtoJgzi1083NUs"
"Mangabey";"Hopeful color";"On en était là (feat. Ppj)";"2025";"CRACKI RECORDS";1764240907;1764241059;;"https://www.deezer.com/track/3542024261";"https://open.spotify.com/track/0DY9DN6PFXpuAS0XJlqUdW"
"Eloise";"Intertwined";"Intertwined";"2021";"KOBALT";1764241055;1764241213;;"https://www.deezer.com/track/1898873927";"https://open.spotify.com/track/5fML9iqXgkXu7hUOYlE1aB"
"Ramin Djawadi";"BOF TV / Westworld (saison 1)";"Main title theme / Westworld";"2016";"WATERTOWER MUSIC";1764241210;1764241308;;;
"Eagles Of Death Metal";"Heart on";"Wannabe in LA";"2008";"DOWNTOWN MUSIC";1764241306;1764241441;;;
